Brand,Name,Price,Rating,Product URL,Image URL,Category,Price Category,Gender
N/A, Clinique for Men Face Wash 200ml   Save 25%       4.78 stars out of a maximum of 5                                            37   RRP: £20.00Current price: £15.00     ,0,4.78 stars out of a maximum of 5,https://www.lookfantastic.com/p/clinique-for-men-face-wash-200ml/10921701/,https://www.lookfantastic.com/images?url=https://static.thcdn.com/productimg/original/10921701-5895192656638960.jpg&format=webp&auto=avif&width=640&height=640&fit=crop,Cleansers,No range,Mens
N/A, L’Oréal Paris Men Expert Barber Club Wash 200ml     4.77 stars out of a maximum of 5                                            83     £10.99       ,0,4.77 stars out of a maximum of 5,https://www.lookfantastic.com/p/l-oreal-paris-men-expert-barber-club-wash-200ml/11769411/,https://www.lookfantastic.com/images?url=https://static.thcdn.com/productimg/original/11769411-1164927995836694.jpg&format=webp&auto=avif&width=640&height=640&fit=crop,Cleansers,No range,Mens
N/A, L'Oréal Paris Men Expert Pure Carbon Purifying Daily Face Wash 100ml     4.33 stars out of a maximum of 5                                            18     £6.99       ,0,4.33 stars out of a maximum of 5,https://www.lookfantastic.com/p/l-oreal-paris-men-expert-pure-carbon-purifying-daily-face-wash-100ml/12056511/,https://www.lookfantastic.com/images?url=https://static.thcdn.com/productimg/original/12056511-1924927997223450.jpg&format=webp&auto=avif&width=640&height=640&fit=crop,Cleansers,No range,Mens
N/A, BARBER PRO Facial Mask Trio (Worth £14.85)   Save 20%       4.75 stars out of a maximum of 5                                            8   RRP: £11.00Current price: £8.80     ,0,4.75 stars out of a maximum of 5,https://www.lookfantastic.com/p/barber-pro-facial-mask-trio/11715477/,https://www.lookfantastic.com/images?url=https://static.thcdn.com/productimg/1600/1600/11715477-1064563639558651.jpg&format=webp&auto=avif&width=640&height=640&fit=crop,Cleansers,No range,Mens
N/A, Clinique Take The Day Off Cleansing Balm 125ml   Save 20% + Free Gift + Double +Points       4.78 stars out of a maximum of 5                                            942   RRP: £34.00Current price: £27.20     ,0,4.78 stars out of a maximum of 5,https://www.lookfantastic.com/p/clinique-take-the-day-off-cleansing-balm-125ml/11144730/,https://www.lookfantastic.com/images?url=https://static.thcdn.com/productimg/original/11144730-1184937416616304.jpg&format=webp&auto=avif&width=640&height=640&fit=crop,Cleansers,No range,Mens
N/A, Garnier Micellar Water Facial Cleanser and Makeup Remover for Sensitive Skin 700ml     4.86 stars out of a maximum of 5                                            397     £9.99       ,0,4.86 stars out of a maximum of 5,https://www.lookfantastic.com/p/garnier-micellar-water-facial-cleanser-and-makeup-remover-for-sensitive-skin-700ml/11919593/,https://www.lookfantastic.com/images?url=https://static.thcdn.com/productimg/original/11919593-7845079906306444.jpg&format=webp&auto=avif&width=640&height=640&fit=crop,Cleansers,No range,Mens
N/A, Clinique Take The Day Off Lids Lashes and Lips Makeup Remover 125ml   Free Full Size Gift (Worth £25) + Double +Points       4.8 stars out of a maximum of 5                                            213     £24.50       ,0,4.8 stars out of a maximum of 5,https://www.lookfantastic.com/p/clinique-take-the-day-off-lids-lashes-and-lips-makeup-remover-125ml/11144729/,https://www.lookfantastic.com/images?url=https://static.thcdn.com/productimg/original/11144729-2855169068274330.jpg&format=webp&auto=avif&width=640&height=640&fit=crop,Cleansers,No range,Mens
N/A, Clinique Anti Blemish Solutions Clarifying Lotion 200ml   Free Full Size Gift (Worth £25) + Double +Points       4.72 stars out of a maximum of 5                                            128     £25.00       ,0,4.72 stars out of a maximum of 5,https://www.lookfantastic.com/p/clinique-anti-blemish-solutions-clarifying-lotion-200ml/10363999/,https://www.lookfantastic.com/images?url=https://static.thcdn.com/productimg/original/10363999-1544937403453624.jpg&format=webp&auto=avif&width=640&height=640&fit=crop,Cleansers,No range,Mens
N/A, Clinique Liquid Facial Soap Mild 200ml   Free Full Size Gift (Worth £25) + Double +Points       4.8 stars out of a maximum of 5                                            116     £23.00       ,0,4.8 stars out of a maximum of 5,https://www.lookfantastic.com/p/clinique-liquid-facial-soap-mild-200ml/11144710/,https://www.lookfantastic.com/images?url=https://static.thcdn.com/productimg/original/11144710-1485167302174309.jpg&format=webp&auto=avif&width=640&height=640&fit=crop,Cleansers,No range,Mens
N/A, Clinique Mini Take the Day off Cleansing Balm 30ml   Free Full Size Gift (Worth £25) + Double +Points       4.71 stars out of a maximum of 5                                            296     £13.00       ,0,4.71 stars out of a maximum of 5,https://www.lookfantastic.com/p/clinique-mini-take-the-day-off-cleansing-balm-30ml/12076052/,https://www.lookfantastic.com/images?url=https://static.thcdn.com/productimg/original/12076052-2265189034499884.jpg&format=webp&auto=avif&width=640&height=640&fit=crop,Cleansers,No range,Mens
N/A, Avène Thermal Spring Water Spray for Sensitive Skin 300ml   Complimentary Gift       4.85 stars out of a maximum of 5                                            275     £15.50       ,0,4.85 stars out of a maximum of 5,https://www.lookfantastic.com/p/avene-thermal-spring-water-spray-for-sensitive-skin-300ml/11117568/,https://www.lookfantastic.com/images?url=https://static.thcdn.com/productimg/original/11117568-7875222247615936.jpg&format=webp&auto=avif&width=640&height=640&fit=crop,Cleansers,No range,Mens
N/A, Origins GinZing Refreshing Scrub Cleanser 150ml     4.73 stars out of a maximum of 5                                            120     £22.00       ,0,4.73 stars out of a maximum of 5,https://www.lookfantastic.com/p/origins-ginzing-refreshing-scrub-cleanser-150ml/11138333/,https://www.lookfantastic.com/images?url=https://static.thcdn.com/productimg/original/11138333-1004945908981066.jpg&format=webp&auto=avif&width=640&height=640&fit=crop,Cleansers,No range,Mens
N/A, Avène Thermal Spring Water Spray for Sensitive Skin 50ml   Complimentary Gift       4.83 stars out of a maximum of 5                                            123     £5.75       ,0,4.83 stars out of a maximum of 5,https://www.lookfantastic.com/p/avene-thermal-spring-water-spray-for-sensitive-skin-50ml/11117570/,https://www.lookfantastic.com/images?url=https://static.thcdn.com/productimg/original/11117570-7685147608267569.jpg&format=webp&auto=avif&width=640&height=640&fit=crop,Cleansers,No range,Mens
N/A, Clinique Anti Blemish Solutions Cleansing Foam 125ml   Free Full Size Gift (Worth £25) + Double +Points       4.84 stars out of a maximum of 5                                            57     £27.00       ,0,4.84 stars out of a maximum of 5,https://www.lookfantastic.com/p/clinique-anti-blemish-solutions-cleansing-foam-125ml/10366669/,https://www.lookfantastic.com/images?url=https://static.thcdn.com/productimg/original/10366669-8644937406363861.jpg&format=webp&auto=avif&width=640&height=640&fit=crop,Cleansers,No range,Mens
N/A, ESPA Hydrating Cleansing Milk Supersize 500ml   Save 50%       4.62 stars out of a maximum of 5                                            13   RRP: £45.00Current price: £22.50    500ml    ,0,4.62 stars out of a maximum of 5,https://www.lookfantastic.com/p/espa-hydrating-cleansing-milk-supersize-500ml/12636553/,https://www.lookfantastic.com/images?url=https://static.thcdn.com/productimg/original/12636553-3955188576803192.jpg&format=webp&auto=avif&width=640&height=640&fit=crop,Cleansers,No range,Mens
N/A, Avène Thermal Spring Water Spray for Sensitive Skin 150ml   Complimentary Gift       4.78 stars out of a maximum of 5                                            103     £10.00       ,0,4.78 stars out of a maximum of 5,https://www.lookfantastic.com/p/avene-thermal-spring-water-spray-for-sensitive-skin-150ml/11117569/,https://www.lookfantastic.com/images?url=https://static.thcdn.com/productimg/original/11117569-1315222247744462.jpg&format=webp&auto=avif&width=640&height=640&fit=crop,Cleansers,No range,Mens
N/A, Clinique Take The Day Off Cleansing Oil 200ml   Free Full Size Gift (Worth £25) + Double +Points       4.58 stars out of a maximum of 5                                            117     £37.00       ,0,4.58 stars out of a maximum of 5,https://www.lookfantastic.com/p/clinique-take-the-day-off-cleansing-oil-200ml/11144732/,https://www.lookfantastic.com/images?url=https://static.thcdn.com/productimg/original/11144732-1144937421094200.jpg&format=webp&auto=avif&width=640&height=640&fit=crop,Cleansers,No range,Mens
N/A, Clinique Rinse-Off Foaming Cleanser 150ml   Free Full Size Gift (Worth £25) + Double +Points       4.75 stars out of a maximum of 5                                            85     £27.00       ,0,4.75 stars out of a maximum of 5,https://www.lookfantastic.com/p/clinique-rinse-off-foaming-cleanser-150ml/11144726/,https://www.lookfantastic.com/images?url=https://static.thcdn.com/productimg/original/11144726-1255167301871369.jpg&format=webp&auto=avif&width=640&height=640&fit=crop,Cleansers,No range,Mens
N/A, Uriage Cleansing Oil 500ml   Shop on our App for 20% off*       4.37 stars out of a maximum of 5                                            38     £12.33       ,0,4.37 stars out of a maximum of 5,https://www.lookfantastic.com/p/uriage-cleansing-oil-500ml/11835404/,https://www.lookfantastic.com/images?url=https://static.thcdn.com/productimg/original/11835404-1215093126381460.jpg&format=webp&auto=avif&width=640&height=640&fit=crop,Cleansers,No range,Mens
N/A, Clinique for Men Face Scrub 100ml   Save 25%       4.72 stars out of a maximum of 5                                            18   RRP: £24.00Current price: £18.00     ,0,4.72 stars out of a maximum of 5,https://www.lookfantastic.com/p/clinique-for-men-face-scrub-100ml/10362882/,https://www.lookfantastic.com/images?url=https://static.thcdn.com/productimg/original/10362882-2805189030698068.jpg&format=webp&auto=avif&width=640&height=640&fit=crop,Cleansers,No range,Mens
N/A, Clinique for Men Charcoal Face Wash 200ml   Save 25%       4.8 stars out of a maximum of 5                                            25   RRP: £24.00Current price: £18.00     ,0,4.8 stars out of a maximum of 5,https://www.lookfantastic.com/p/clinique-for-men-charcoal-face-wash-200ml/11131596/,https://www.lookfantastic.com/images?url=https://static.thcdn.com/productimg/original/11131596-6195219681938104.jpg&format=webp&auto=avif&width=640&height=640&fit=crop,Cleansers,No range,Mens
N/A, ESPA Hydrating Cleanse and Tone Duo (Worth £50.00)   Save 30%       4.86 stars out of a maximum of 5                                            36   RRP: £50.00Current price: £35.00     ,0,4.86 stars out of a maximum of 5,https://www.lookfantastic.com/p/espa-hydrating-cleanse-and-tone-duo/12564713/,https://www.lookfantastic.com/images?url=https://static.thcdn.com/productimg/original/12564713-1985188544639658.jpg&format=webp&auto=avif&width=640&height=640&fit=crop,Cleansers,No range,Mens
N/A," Clinique Mini Take The Day Off Makeup Remover for Lids, Lashes and Lips 50ml   Free Full Size Gift (Worth £25) + Double +Points       4.3 stars out of a maximum of 5                                            10     £13.00       ",0,4.3 stars out of a maximum of 5,https://www.lookfantastic.com/p/clinique-mini-take-the-day-off-makeup-remover-for-lids-lashes-and-lips-50ml/12221579/,https://www.lookfantastic.com/images?url=https://static.thcdn.com/productimg/original/12221579-1625192667093699.jpg&format=webp&auto=avif&width=640&height=640&fit=crop,Cleansers,No range,Mens
N/A, ESPA Balancing Cleanse and Tone Duo (Worth £50.00)   Save 30%       5 stars out of a maximum of 5                                            4   RRP: £50.00Current price: £35.00     ,0,5 stars out of a maximum of 5,https://www.lookfantastic.com/p/espa-balancing-cleanse-and-tone-duo/12564712/,https://www.lookfantastic.com/images?url=https://static.thcdn.com/productimg/original/12564712-2095188544659590.jpg&format=webp&auto=avif&width=640&height=640&fit=crop,Cleansers,No range,Mens
N/A, ESPA Balancing Foam Cleanser 150ml   Shop on our App for 20% off*       4.48 stars out of a maximum of 5                                            29     £27.00       ,0,4.48 stars out of a maximum of 5,https://www.lookfantastic.com/p/espa-balancing-foam-cleanser/12226491/,https://www.lookfantastic.com/images?url=https://static.thcdn.com/productimg/original/12226491-1435188546572216.jpg&format=webp&auto=avif&width=640&height=640&fit=crop,Cleansers,No range,Mens
N/A, Garnier Pure Active 3in1 Charcoal Blackhead Mask Wash Scrub 150ml     4.71 stars out of a maximum of 5                                            17     £5.99       ,0,4.71 stars out of a maximum of 5,https://www.lookfantastic.com/p/garnier-pure-active-3in1-charcoal-blackhead-mask-wash-scrub-150ml/11919612/,https://www.lookfantastic.com/images?url=https://static.thcdn.com/productimg/original/11919612-8995129166934005.jpg&format=webp&auto=avif&width=640&height=640&fit=crop,Cleansers,No range,Mens
N/A, Aesop Parsley Seed Facial Cleanser 200ml     5 stars out of a maximum of 5                                            7     £45.00       ,0,5 stars out of a maximum of 5,https://www.lookfantastic.com/p/aesop-parsley-seed-facial-cleanser-200ml/10540316/,https://www.lookfantastic.com/images?url=https://static.thcdn.com/productimg/original/10540316-5474965872726760.jpg&format=webp&auto=avif&width=640&height=640&fit=crop,Cleansers,No range,Mens
N/A, Uriage Surgras Foaming Cleansing Gel (500ml)   Shop on our App for 20% off*       4.5 stars out of a maximum of 5                                            46     £10.09       ,0,4.5 stars out of a maximum of 5,https://www.lookfantastic.com/p/uriage-surgras-foaming-cleansing-gel-500ml/11241992/,https://www.lookfantastic.com/images?url=https://static.thcdn.com/productimg/original/11241992-1945093125102773.jpg&format=webp&auto=avif&width=640&height=640&fit=crop,Cleansers,No range,Mens
N/A, OSKIA Floral Water Toner 30ml   Save 50%       4.33 stars out of a maximum of 5                                            6   RRP: £17.00Current price: £8.50     ,0,4.33 stars out of a maximum of 5,https://www.lookfantastic.com/p/oskia-floral-water-toner-30ml/12039717/,https://www.lookfantastic.com/images?url=https://static.thcdn.com/productimg/original/12039717-1384945935112041.jpg&format=webp&auto=avif&width=640&height=640&fit=crop,Cleansers,No range,Mens
N/A," Avène Cleanance Cleansing Gel For Oily, Blemish Prone Skin 100ml   Complimentary Gift       4.13 stars out of a maximum of 5                                            16     £9.95       ",0,4.13 stars out of a maximum of 5,https://www.lookfantastic.com/p/avene-cleanance-cleansing-gel-for-oily-blemish-prone-skin-100ml/12098473/,https://www.lookfantastic.com/images?url=https://static.thcdn.com/productimg/original/12098473-1235185188124011.jpg&format=webp&auto=avif&width=640&height=640&fit=crop,Cleansers,No range,Mens
N/A, Eucerin DermatoClean 3-in-1 Micellar Cleansing Fluid 200ml   Complimentary Gift       4.93 stars out of a maximum of 5                                            14     £13.50       ,0,4.93 stars out of a maximum of 5,https://www.lookfantastic.com/p/eucerin-dermatoclean-3-in-1-micellar-cleansing-fluid-200ml/11116029/,https://www.lookfantastic.com/images?url=https://static.thcdn.com/productimg/original/11116029-9715042046875082.jpg&format=webp&auto=avif&width=640&height=640&fit=crop,Cleansers,No range,Mens
N/A, Eucerin DermatoClean Refreshing Cleansing Gel 200ml   Complimentary Gift       3.81 stars out of a maximum of 5                                            16     £13.50       ,0,3.81 stars out of a maximum of 5,https://www.lookfantastic.com/p/eucerin-dermatoclean-refreshing-cleansing-gel-200ml/11116026/,https://www.lookfantastic.com/images?url=https://static.thcdn.com/productimg/1600/1600/11116026-2944608726469410.jpg&format=webp&auto=avif&width=640&height=640&fit=crop,Cleansers,No range,Mens
N/A, Origins Super Spot Remover Blemish Treatment Gel 10ml     4.46 stars out of a maximum of 5                                            324     £18.00       ,0,4.46 stars out of a maximum of 5,https://www.lookfantastic.com/p/origins-super-spot-remover-blemish-treatment-gel-10ml/11138378/,https://www.lookfantastic.com/images?url=https://static.thcdn.com/productimg/original/11138378-1284945910145708.jpg&format=webp&auto=avif&width=640&height=640&fit=crop,Toners,No range,Mens
N/A, NUXE Men Multi-Purpose After-Shave Balm 50ml   Save 20%     RRP: £22.00Current price: £17.60     ,0,N/A,https://www.lookfantastic.com/p/nuxe-men-multi-purpose-after-shave-balm-50ml/10859466/,https://www.lookfantastic.com/images?url=https://static.thcdn.com/productimg/original/10859466-5704911465709650.jpg&format=webp&auto=avif&width=640&height=640&fit=crop,Toners,No range,Mens
N/A, Avène Thermal Spring Water Spray for Sensitive Skin 300ml   Complimentary Gift       4.85 stars out of a maximum of 5                                            275     £15.50       ,0,4.85 stars out of a maximum of 5,https://www.lookfantastic.com/p/avene-thermal-spring-water-spray-for-sensitive-skin-300ml/11117568/,https://www.lookfantastic.com/images?url=https://static.thcdn.com/productimg/original/11117568-7875222247615936.jpg&format=webp&auto=avif&width=640&height=640&fit=crop,Toners,No range,Mens
N/A, Dr. Hauschka Clarifying Toner 100ml   Shop on our App for 20% off*       4.35 stars out of a maximum of 5                                            20     £27.00       ,0,4.35 stars out of a maximum of 5,https://www.lookfantastic.com/p/dr.-hauschka-clarifying-toner-100ml/10963984/,https://www.lookfantastic.com/images?url=https://static.thcdn.com/productimg/original/10963984-1804918661747544.jpg&format=webp&auto=avif&width=640&height=640&fit=crop,Toners,No range,Mens
N/A, PIXI Glow Tonic Home and Away Duo Exclusive   EXCLUSIVE       4.47 stars out of a maximum of 5                                            17     £28.00       ,0,4.47 stars out of a maximum of 5,https://www.lookfantastic.com/p/pixi-glow-tonic-home-and-away-duo-exclusive/12312693/,https://www.lookfantastic.com/images?url=https://static.thcdn.com/productimg/original/12312693-2504969287421023.jpg&format=webp&auto=avif&width=640&height=640&fit=crop,Toners,No range,Mens
N/A, OSKIA Floral Water Toner 30ml   Save 50%       4.33 stars out of a maximum of 5                                            6   RRP: £17.00Current price: £8.50     ,0,4.33 stars out of a maximum of 5,https://www.lookfantastic.com/p/oskia-floral-water-toner-30ml/12039717/,https://www.lookfantastic.com/images?url=https://static.thcdn.com/productimg/original/12039717-1384945935112041.jpg&format=webp&auto=avif&width=640&height=640&fit=crop,Toners,No range,Mens
N/A, ESPA Hydrating Floral SpaFresh Mist   Shop on our App for 20% off*       4.71 stars out of a maximum of 5                                            59     £22.00      100ml    ,0,4.71 stars out of a maximum of 5,https://www.lookfantastic.com/p/espa-hydrating-floral-spafresh-mist/12226484/,https://www.lookfantastic.com/images?url=https://static.thcdn.com/productimg/original/12226484-1635188546741950.jpg&format=webp&auto=avif&width=640&height=640&fit=crop,Toners,No range,Mens
N/A, Eucerin DermatoClean Clarifying Toner 200ml   Complimentary Gift       4.75 stars out of a maximum of 5                                            8     £13.50       ,0,4.75 stars out of a maximum of 5,https://www.lookfantastic.com/p/eucerin-dermatoclean-clarifying-toner-200ml/11116027/,https://www.lookfantastic.com/images?url=https://static.thcdn.com/productimg/1600/1600/11116027-2424608726505344.jpg&format=webp&auto=avif&width=640&height=640&fit=crop,Toners,No range,Mens
N/A, Perricone MD No:Rinse Intensive Pore Minimizing Toner 118ml   Shop on our App for 20% off*       4.58 stars out of a maximum of 5                                            26     £41.00       ,0,4.58 stars out of a maximum of 5,https://www.lookfantastic.com/p/perricone-md-intensive-pore-minimizing-toner/13033792/,https://www.lookfantastic.com/images?url=https://static.thcdn.com/productimg/original/13033792-1324875641903565.jpg&format=webp&auto=avif&width=640&height=640&fit=crop,Toners,No range,Mens
N/A, ESPA Optimal Skin Nutrient Mist 50ml   Shop on our App for 20% off*       4.55 stars out of a maximum of 5                                            11     £26.00       ,0,4.55 stars out of a maximum of 5,https://www.lookfantastic.com/p/espa-optimal-skin-nutrient-mist-50ml/12636573/,https://www.lookfantastic.com/images?url=https://static.thcdn.com/productimg/original/12636573-1195188542804750.jpg&format=webp&auto=avif&width=640&height=640&fit=crop,Toners,No range,Mens
N/A, Aesop Bitter Orange Astringent Toner 200ml   Save 10%       5 stars out of a maximum of 5                                            4   RRP: £39.00Current price: £35.10     ,0,5 stars out of a maximum of 5,https://www.lookfantastic.com/p/aesop-bitter-orange-astringent-toner-200ml/10362544/,https://www.lookfantastic.com/images?url=https://static.thcdn.com/productimg/1600/1600/11536604-9924530985271892.jpg&format=webp&auto=avif&width=640&height=640&fit=crop,Toners,No range,Mens
N/A, Avène Thermal Spring Water Spray for Sensitive Skin 50ml   Complimentary Gift       4.83 stars out of a maximum of 5                                            123     £5.75       ,0,4.83 stars out of a maximum of 5,https://www.lookfantastic.com/p/avene-thermal-spring-water-spray-for-sensitive-skin-50ml/11117570/,https://www.lookfantastic.com/images?url=https://static.thcdn.com/productimg/original/11117570-7685147608267569.jpg&format=webp&auto=avif&width=640&height=640&fit=crop,Toners,No range,Mens
N/A, Avène Thermal Spring Water Spray for Sensitive Skin 150ml   Complimentary Gift       4.78 stars out of a maximum of 5                                            103     £10.00       ,0,4.78 stars out of a maximum of 5,https://www.lookfantastic.com/p/avene-thermal-spring-water-spray-for-sensitive-skin-150ml/11117569/,https://www.lookfantastic.com/images?url=https://static.thcdn.com/productimg/original/11117569-1315222247744462.jpg&format=webp&auto=avif&width=640&height=640&fit=crop,Toners,No range,Mens
N/A, ESPA Hydrating Cleanse and Tone Duo (Worth £50.00)   Save 30%       4.86 stars out of a maximum of 5                                            36   RRP: £50.00Current price: £35.00     ,0,4.86 stars out of a maximum of 5,https://www.lookfantastic.com/p/espa-hydrating-cleanse-and-tone-duo/12564713/,https://www.lookfantastic.com/images?url=https://static.thcdn.com/productimg/original/12564713-1985188544639658.jpg&format=webp&auto=avif&width=640&height=640&fit=crop,Toners,No range,Mens
N/A, ESPA Balancing Cleanse and Tone Duo (Worth £50.00)   Save 30%       5 stars out of a maximum of 5                                            4   RRP: £50.00Current price: £35.00     ,0,5 stars out of a maximum of 5,https://www.lookfantastic.com/p/espa-balancing-cleanse-and-tone-duo/12564712/,https://www.lookfantastic.com/images?url=https://static.thcdn.com/productimg/original/12564712-2095188544659590.jpg&format=webp&auto=avif&width=640&height=640&fit=crop,Toners,No range,Mens
N/A, ESPA Balancing Herbal Spa Fresh Tonic 200ml   Shop on our App for 20% off*       4.71 stars out of a maximum of 5                                            17     £27.00      200ml    ,0,4.71 stars out of a maximum of 5,https://www.lookfantastic.com/p/espa-balancing-herbal-spa-fresh-tonic/12226490/,https://www.lookfantastic.com/images?url=https://static.thcdn.com/productimg/original/12226490-1895188546593207.jpg&format=webp&auto=avif&width=640&height=640&fit=crop,Toners,No range,Mens
N/A, Aesop Parsley Seed Anti-Oxidant Toner 200ml   Save 20%       4.25 stars out of a maximum of 5                                            4   RRP: £47.00Current price: £37.60     ,0,4.25 stars out of a maximum of 5,https://www.lookfantastic.com/p/aesop-parsley-seed-anti-oxidant-toner-200ml/10366662/,https://www.lookfantastic.com/images?url=https://static.thcdn.com/productimg/1600/1600/11536610-1724530985547613.jpg&format=webp&auto=avif&width=640&height=640&fit=crop,Toners,No range,Mens
N/A, ESPA Hydrating Floral Spa Fresh Tonic 200ml   Shop on our App for 20% off*       4.72 stars out of a maximum of 5                                            36     £27.00      200ml    ,0,4.72 stars out of a maximum of 5,https://www.lookfantastic.com/p/espa-hydrating-floral-spa-fresh-tonic/12226485/,https://www.lookfantastic.com/images?url=https://static.thcdn.com/productimg/original/12226485-6355188546718181.jpg&format=webp&auto=avif&width=640&height=640&fit=crop,Toners,No range,Mens
N/A, Aesop B & Tea Balancing Toner 200ml     5 stars out of a maximum of 5                                            1     £39.00       ,0,5 stars out of a maximum of 5,https://www.lookfantastic.com/p/aesop-b-tea-balancing-toner-200ml/10366326/,https://www.lookfantastic.com/images?url=https://static.thcdn.com/productimg/original/10366326-4104965872246619.jpg&format=webp&auto=avif&width=640&height=640&fit=crop,Toners,No range,Mens
N/A, Dr. Hauschka Facial Toner 100ml   Shop on our App for 20% off*       4.36 stars out of a maximum of 5                                            11     £27.00       ,0,4.36 stars out of a maximum of 5,https://www.lookfantastic.com/p/dr.-hauschka-facial-toner-100ml/10963983/,https://www.lookfantastic.com/images?url=https://static.thcdn.com/productimg/original/10963983-2014918495238112.jpg&format=webp&auto=avif&width=640&height=640&fit=crop,Toners,No range,Mens
N/A, Lumene Nordic Hydra [Lähde] Aqua Lumenessence Beauty Lotion   Shop on our App for 20% off*       4.87 stars out of a maximum of 5                                            23     £15.90       ,0,4.87 stars out of a maximum of 5,https://www.lookfantastic.com/p/lumene-nordic-hydra-lahde-aqua-lumenessence-beauty-lotion/11811974/,https://www.lookfantastic.com/images?url=https://static.thcdn.com/productimg/original/11811974-6804946484644046.jpg&format=webp&auto=avif&width=640&height=640&fit=crop,Toners,No range,Mens
N/A, Aesop B & Tea Balancing Toner 100ml   Save 10%       4.17 stars out of a maximum of 5                                            6   RRP: £25.00Current price: £22.50     ,0,4.17 stars out of a maximum of 5,https://www.lookfantastic.com/p/aesop-b-tea-balancing-toner-100ml/11246311/,https://www.lookfantastic.com/images?url=https://static.thcdn.com/productimg/original/11246311-8934965868273578.jpg&format=webp&auto=avif&width=640&height=640&fit=crop,Toners,No range,Mens
N/A, Aesop Parsley Seed Anti-Oxidant Facial Toner 100ml     5 stars out of a maximum of 5                                            1     £30.00       ,0,5 stars out of a maximum of 5,https://www.lookfantastic.com/p/aesop-parsley-seed-anti-oxidant-facial-toner-100ml/11246313/,https://www.lookfantastic.com/images?url=https://static.thcdn.com/productimg/original/11246313-8644965868407444.jpg&format=webp&auto=avif&width=640&height=640&fit=crop,Toners,No range,Mens
N/A, Aesop In Two Minds Facial Toner 100ml     5 stars out of a maximum of 5                                            1     £25.00       ,0,5 stars out of a maximum of 5,https://www.lookfantastic.com/p/aesop-in-two-minds-facial-toner-100ml/11751695/,https://www.lookfantastic.com/images?url=https://static.thcdn.com/productimg/original/11751695-1294965869489919.jpg&format=webp&auto=avif&width=640&height=640&fit=crop,Toners,No range,Mens
N/A, Omorovicza Queen Of Hungary Mist (100ml)   Shop on our App for 20% off*       4.38 stars out of a maximum of 5                                            24     £62.00      100ml    ,0,4.38 stars out of a maximum of 5,https://www.lookfantastic.com/p/omorovicza-queen-of-hungary-mist-100ml/10448809/,https://www.lookfantastic.com/images?url=https://static.thcdn.com/productimg/original/10448809-1415163934697592.jpg&format=webp&auto=avif&width=640&height=640&fit=crop,Toners,No range,Mens
N/A, BARBER PRO Facial Mask Trio (Worth £14.85)   Save 20%       4.75 stars out of a maximum of 5                                            8   RRP: £11.00Current price: £8.80     ,0,4.75 stars out of a maximum of 5,https://www.lookfantastic.com/p/barber-pro-facial-mask-trio/11715477/,https://www.lookfantastic.com/images?url=https://static.thcdn.com/productimg/1600/1600/11715477-1064563639558651.jpg&format=webp&auto=avif&width=640&height=640&fit=crop,Toners,No range,Mens
N/A, Caudalie Beauty Elixir Duo 2 x 100ml   Complimentary Gift       4.88 stars out of a maximum of 5                                            8     £64.00       ,0,4.88 stars out of a maximum of 5,https://www.lookfantastic.com/p/caudalie-beauty-elixir-duo-2-x-100ml/10839655/,https://www.lookfantastic.com/images?url=https://static.thcdn.com/productimg/original/10839655-9085214171558369.jpg&format=webp&auto=avif&width=640&height=640&fit=crop,Toners,No range,Mens
N/A, Aesop In Two Minds Facial Toner 200ml     5 stars out of a maximum of 5                                            3     £39.00       ,0,5 stars out of a maximum of 5,https://www.lookfantastic.com/p/aesop-in-two-minds-facial-toner-200ml/11751694/,https://www.lookfantastic.com/images?url=https://static.thcdn.com/productimg/original/11751694-2144965869428170.jpg&format=webp&auto=avif&width=640&height=640&fit=crop,Toners,No range,Mens
N/A, Natura Bissé Tolerance Toner 200ml   Shop on our App for 20% off*       4 stars out of a maximum of 5                                            2     £52.00       ,0,4 stars out of a maximum of 5,https://www.lookfantastic.com/p/natura-bisse-tolerance-toner-200ml/11329120/,https://www.lookfantastic.com/images?url=https://static.thcdn.com/productimg/original/11329120-1424933243712256.jpg&format=webp&auto=avif&width=640&height=640&fit=crop,Toners,No range,Mens
N/A, OSKIA Floral Water Toner   Shop on our App for 20% off*       4.67 stars out of a maximum of 5                                            3     £59.00       ,0,4.67 stars out of a maximum of 5,https://www.lookfantastic.com/p/oskia-floral-water-toner/12039716/,https://www.lookfantastic.com/images?url=https://static.thcdn.com/productimg/original/12039716-1775192666511909.jpg&format=webp&auto=avif&width=640&height=640&fit=crop,Toners,No range,Mens
N/A, Natura Bissé C+C Vitamin Splash 200ml   Shop on our App for 20% off*       5 stars out of a maximum of 5                                            1     £50.00       ,0,5 stars out of a maximum of 5,https://www.lookfantastic.com/p/natura-bisse-c-c-vitamin-splash-200ml/11329131/,https://www.lookfantastic.com/images?url=https://static.thcdn.com/productimg/original/11329131-3615188761712953.jpg&format=webp&auto=avif&width=640&height=640&fit=crop,Toners,No range,Mens
N/A, Natura Bissé Diamond Cocoon Hydrating Essence 200ml   Shop on our App for 20% off*       4.5 stars out of a maximum of 5                                            2     £74.00       ,0,4.5 stars out of a maximum of 5,https://www.lookfantastic.com/p/natura-bisse-diamond-cocoon-hydrating-essence-200ml/12105200/,https://www.lookfantastic.com/images?url=https://static.thcdn.com/productimg/original/12105200-1565054470798872.jpg&format=webp&auto=avif&width=640&height=640&fit=crop,Toners,No range,Mens
N/A, Tan-Luxe The Face Illuminating Self-Tan Drops 30ml - Light/Medium   Shop on our App for 20% off*       4.55 stars out of a maximum of 5                                            162     £36.00       ,0,4.55 stars out of a maximum of 5,https://www.lookfantastic.com/p/tan-luxe-the-face-illuminating-self-tan-drops-30ml-light-medium/12143468/,https://www.lookfantastic.com/images?url=https://static.thcdn.com/productimg/original/12143468-1444924470289491.jpg&format=webp&auto=avif&width=640&height=640&fit=crop,Serums,No range,Mens
N/A, Tan-Luxe Super Glow Hyaluronic Self-Tan Serum 30ml   Shop on our App for 20% off*       4.51 stars out of a maximum of 5                                            169     £36.00       ,0,4.51 stars out of a maximum of 5,https://www.lookfantastic.com/p/tan-luxe-super-glow-hyaluronic-self-tan-serum-30ml/12143485/,https://www.lookfantastic.com/images?url=https://static.thcdn.com/productimg/original/12143485-1544924471102941.jpg&format=webp&auto=avif&width=640&height=640&fit=crop,Serums,No range,Mens
N/A, Sarah Chapman Skinesis Overnight Facial (15ml)     4.68 stars out of a maximum of 5                                            105     £68.00      15ml    ,0,4.68 stars out of a maximum of 5,https://www.lookfantastic.com/p/sarah-chapman-skinesis-overnight-facial-15ml/10448981/,https://www.lookfantastic.com/images?url=https://static.thcdn.com/productimg/original/10448981-1394943595390906.jpg&format=webp&auto=avif&width=640&height=640&fit=crop,Serums,No range,Mens
N/A, Lumene Nordic-C [VALO] Arctic Berry Oil-Cocktail 30ml   Shop on our App for 20% off*       4.38 stars out of a maximum of 5                                            39     £34.90       ,0,4.38 stars out of a maximum of 5,https://www.lookfantastic.com/p/lumene-nordic-c-valo-arctic-berry-oil-cocktail-30ml/12185489/,https://www.lookfantastic.com/images?url=https://static.thcdn.com/productimg/original/12185489-3625173211222274.jpg&format=webp&auto=avif&width=640&height=640&fit=crop,Serums,No range,Mens
N/A, Revolution Pro Miracle Night Rescue Serum Advanced Complex 30ml   Free Headband       4.39 stars out of a maximum of 5                                            36     £12.00       ,0,4.39 stars out of a maximum of 5,https://www.lookfantastic.com/p/revolution-pro-miracle-night-rescue-serum-advanced-complex-30ml/15016224/,https://www.lookfantastic.com/images?url=https://static.thcdn.com/productimg/original/15016224-6325115941424951.jpg&format=webp&auto=avif&width=640&height=640&fit=crop,Serums,No range,Mens
N/A, Clinique for Men Maximum Hydrator 72-Hour Auto-Replenishing Hydrator 50ml (Worth £50.00)   Save 25%       4.87 stars out of a maximum of 5                                            15   RRP: £39.00Current price: £29.25     ,0,4.87 stars out of a maximum of 5,https://www.lookfantastic.com/p/clinique-for-men-maximum-hydrator-72-hour-auto-replenishing-hydrator-50ml/12194122/,https://www.lookfantastic.com/images?url=https://static.thcdn.com/productimg/original/12194122-2725189034659958.jpg&format=webp&auto=avif&width=640&height=640&fit=crop,Serums,No range,Mens
N/A, By Terry Cellularose CC Serum 30ml (Various Shades)   Shop on our App for 20% off*       4.68 stars out of a maximum of 5                                            275     £62.00       ,0,4.68 stars out of a maximum of 5,https://www.lookfantastic.com/p/by-terry-cellularose-cc-serum-30ml-various-shades/11307081/,https://www.lookfantastic.com/images?url=https://static.thcdn.com/productimg/original/11307081-1095101984190145.jpg&format=webp&auto=avif&width=640&height=640&fit=crop,Serums,No range,Mens
N/A, Ultrasun SPF 50+ Anti-Pollution Face Fluid 40ml   Save 20%       4.28 stars out of a maximum of 5                                            39   RRP: £28.00Current price: £22.40     ,0,4.28 stars out of a maximum of 5,https://www.lookfantastic.com/p/ultrasun-spf-50-anti-pollution-face-fluid-40ml/11730268/,https://www.lookfantastic.com/images?url=https://static.thcdn.com/productimg/1600/1600/11730268-2144571610811758.jpg&format=webp&auto=avif&width=640&height=640&fit=crop,Serums,No range,Mens
N/A, The Ordinary Caffeine Solution 5% + EGCG Duo     4.64 stars out of a maximum of 5                                            36     £16.80       ,0,4.64 stars out of a maximum of 5,https://www.lookfantastic.com/p/the-ordinary-caffeine-solution-5-egcg-duo/11926077/,https://www.lookfantastic.com/images?url=https://static.thcdn.com/productimg/original/11926077-1694924701609912.jpg&format=webp&auto=avif&width=640&height=640&fit=crop,Serums,No range,Mens
N/A, ESPA Optimal Skin Rejuvenating Night Booster 30ml   Save 20%       4.54 stars out of a maximum of 5                                            91   RRP: £45.00Current price: £36.00     ,0,4.54 stars out of a maximum of 5,https://www.lookfantastic.com/p/espa-optimal-skin-rejuvenating-night-booster-30ml/12595875/,https://www.lookfantastic.com/images?url=https://static.thcdn.com/productimg/original/12595875-7885188543886766.jpg&format=webp&auto=avif&width=640&height=640&fit=crop,Serums,No range,Mens
N/A, BIOEFFECT EGF Eye Serum 6ml   Complimentary Gift       4.5 stars out of a maximum of 5                                            14     £72.00       ,0,4.5 stars out of a maximum of 5,https://www.lookfantastic.com/p/bioeffect-egf-eye-serum-6ml/11630907/,https://www.lookfantastic.com/images?url=https://static.thcdn.com/productimg/original/11630907-2055055091809669.jpg&format=webp&auto=avif&width=640&height=640&fit=crop,Serums,No range,Mens
N/A, St. Tropez Self Tan Purity Vitamins Face Serum 50ml   Shop on our App for 20% off*       4.17 stars out of a maximum of 5                                            12     £25.00       ,0,4.17 stars out of a maximum of 5,https://www.lookfantastic.com/p/st.-tropez-self-tan-purity-vitamins-face-serum-50ml/12488349/,https://www.lookfantastic.com/images?url=https://static.thcdn.com/productimg/1600/1600/12488349-1484775391647820.jpg&format=webp&auto=avif&width=640&height=640&fit=crop,Serums,No range,Mens
N/A, Aesop Lightweight Facial Hydrating Serum 100ml     3.81 stars out of a maximum of 5                                            16     £55.00       ,0,3.81 stars out of a maximum of 5,https://www.lookfantastic.com/p/aesop-lightweight-facial-hydrating-serum-100ml/10362330/,https://www.lookfantastic.com/images?url=https://static.thcdn.com/productimg/original/10362330-1084965870516042.jpg&format=webp&auto=avif&width=640&height=640&fit=crop,Serums,No range,Mens
N/A, 111SKIN Rose Gold Radiance Booster 20ml   Save 40%       5 stars out of a maximum of 5                                            5   RRP: £100.00Current price: £60.00    20ml    ,0,5 stars out of a maximum of 5,https://www.lookfantastic.com/p/111skin-rose-gold-radiance-booster-20ml/12546031/,https://www.lookfantastic.com/images?url=https://static.thcdn.com/productimg/original/12546031-5445172942757146.jpg&format=webp&auto=avif&width=640&height=640&fit=crop,Serums,No range,Mens
N/A, Indeed Labs Snoxin Serum 2 30ml   Shop on our App for 20% off*       4.29 stars out of a maximum of 5                                            21     £24.99       ,0,4.29 stars out of a maximum of 5,https://www.lookfantastic.com/p/indeed-labs-snoxin-serum-2-30ml/12188467/,https://www.lookfantastic.com/images?url=https://static.thcdn.com/productimg/original/12188467-1804924701651786.jpg&format=webp&auto=avif&width=640&height=640&fit=crop,Serums,No range,Mens
N/A, Sarah Chapman Skinesis Age Repair Serum (30ml)     4.55 stars out of a maximum of 5                                            20     £68.00       ,0,4.55 stars out of a maximum of 5,https://www.lookfantastic.com/p/sarah-chapman-skinesis-age-repair-serum-30ml/11165915/,https://www.lookfantastic.com/images?url=https://static.thcdn.com/productimg/original/11165915-1454943596272615.jpg&format=webp&auto=avif&width=640&height=640&fit=crop,Serums,No range,Mens
N/A, Indeed Labs Hydraluron Moisture Boosting Facial Serum 30ml   Shop on our App for 20% off*       4.72 stars out of a maximum of 5                                            25     £24.99       ,0,4.72 stars out of a maximum of 5,https://www.lookfantastic.com/p/indeed-labs-hydraluron-moisture-boosting-facial-serum-30ml/11355395/,https://www.lookfantastic.com/images?url=https://static.thcdn.com/productimg/original/11355395-5614924704694341.jpg&format=webp&auto=avif&width=640&height=640&fit=crop,Serums,No range,Mens
N/A, Aesop Control Serum 9ml   Save 10%       4.33 stars out of a maximum of 5                                            12   RRP: £19.00Current price: £17.10     ,0,4.33 stars out of a maximum of 5,https://www.lookfantastic.com/p/aesop-control-serum-9ml/12044866/,https://www.lookfantastic.com/images?url=https://static.thcdn.com/productimg/original/12044866-2794965873568332.jpg&format=webp&auto=avif&width=640&height=640&fit=crop,Serums,No range,Mens
N/A, Uriage Cradle Cap Serum Cream 40ml   Shop on our App for 20% off*       4.86 stars out of a maximum of 5                                            7     £12.09       ,0,4.86 stars out of a maximum of 5,https://www.lookfantastic.com/p/uriage-cradle-cap-serum-cream-40ml/11241973/,https://www.lookfantastic.com/images?url=https://static.thcdn.com/productimg/original/11241973-1475093124608565.jpg&format=webp&auto=avif&width=640&height=640&fit=crop,Serums,No range,Mens
N/A, OSKIA Super 16 Serum (30ml)   Shop on our App for 20% off*       4.63 stars out of a maximum of 5                                            16     £97.00      30ml    ,0,4.63 stars out of a maximum of 5,https://www.lookfantastic.com/p/oskia-super-16-serum-30ml/10983981/,https://www.lookfantastic.com/images?url=https://static.thcdn.com/productimg/original/10983981-1735192663162358.jpg&format=webp&auto=avif&width=640&height=640&fit=crop,Serums,No range,Mens
N/A, SkinCeuticals Ultimate Facial Brightening Bundle    Dermatologist Recommended       £249.00       ,0,N/A,https://www.lookfantastic.com/p/skinceuticals-ultimate-facial-brightening-bundle/12312210/,https://www.lookfantastic.com/images?url=https://static.thcdn.com/productimg/1600/1600/12312210-6634710089186880.jpg&format=webp&auto=avif&width=640&height=640&fit=crop,Serums,No range,Mens
N/A, OSKIA Super C Smart Nutrient Beauty 60 Capsules   Shop on our App for 20% off*       4.91 stars out of a maximum of 5                                            34     £72.00       ,0,4.91 stars out of a maximum of 5,https://www.lookfantastic.com/p/oskia-super-c-smart-nutrient-beauty-60-capsules/12264313/,https://www.lookfantastic.com/images?url=https://static.thcdn.com/productimg/original/12264313-1755192667276630.jpg&format=webp&auto=avif&width=640&height=640&fit=crop,Serums,No range,Mens
N/A, ESPA Tri-Active Lift and Firm Intensive Serum 25ml   Save 20%       4.6 stars out of a maximum of 5                                            10   RRP: £62.00Current price: £49.60     ,0,4.6 stars out of a maximum of 5,https://www.lookfantastic.com/p/espa-tri-active-lift-and-firm-intensive-serum/12226501/,https://www.lookfantastic.com/images?url=https://static.thcdn.com/productimg/original/12226501-8795188576710264.jpg&format=webp&auto=avif&width=640&height=640&fit=crop,Serums,No range,Mens
N/A, Sarah Chapman Skinesis Morning Facial 15ml     4.57 stars out of a maximum of 5                                            14     £68.00      15ml    ,0,4.57 stars out of a maximum of 5,https://www.lookfantastic.com/p/sarah-chapman-skinesis-morning-facial-15ml/11165918/,https://www.lookfantastic.com/images?url=https://static.thcdn.com/productimg/original/11165918-1324943596413603.jpg&format=webp&auto=avif&width=640&height=640&fit=crop,Serums,No range,Mens
N/A, ALGENIST AA Barrier Serum 30ml   Save 60%       5 stars out of a maximum of 5                                            1   RRP: £80.00Current price: £32.00     ,0,5 stars out of a maximum of 5,https://www.lookfantastic.com/p/algenist-aa-barrier-serum-30ml/12243969/,https://www.lookfantastic.com/images?url=https://static.thcdn.com/productimg/1600/1600/12676233-1024796896804794.jpg&format=webp&auto=avif&width=640&height=640&fit=crop,Serums,No range,Mens
N/A, Caudalie Beauty Elixir Duo 2 x 100ml   Complimentary Gift       4.88 stars out of a maximum of 5                                            8     £64.00       ,0,4.88 stars out of a maximum of 5,https://www.lookfantastic.com/p/caudalie-beauty-elixir-duo-2-x-100ml/10839655/,https://www.lookfantastic.com/images?url=https://static.thcdn.com/productimg/original/10839655-9085214171558369.jpg&format=webp&auto=avif&width=640&height=640&fit=crop,Serums,No range,Mens
N/A, BARBER PRO Facial Mask Trio (Worth £14.85)   Save 20%       4.75 stars out of a maximum of 5                                            8   RRP: £11.00Current price: £8.80     ,0,4.75 stars out of a maximum of 5,https://www.lookfantastic.com/p/barber-pro-facial-mask-trio/11715477/,https://www.lookfantastic.com/images?url=https://static.thcdn.com/productimg/1600/1600/11715477-1064563639558651.jpg&format=webp&auto=avif&width=640&height=640&fit=crop,Serums,No range,Mens
N/A, Dr. Hauschka Soothing Intensive Treatment 40ml   Save 35%       4 stars out of a maximum of 5                                            1   RRP: £53.00Current price: £34.45     ,0,4 stars out of a maximum of 5,https://www.lookfantastic.com/p/dr.-hauschka-soothing-intensive-treatment-40ml/10962134/,https://www.lookfantastic.com/images?url=https://static.thcdn.com/productimg/original/10962134-9674918495122636.jpg&format=webp&auto=avif&width=640&height=640&fit=crop,Serums,No range,Mens
N/A, Dr Dennis Gross Skincare Alpha Beta Pore Perfecting & Refining Serum 30ml   Save 15%       4.6 stars out of a maximum of 5                                            5   RRP: £68.00Current price: £57.80    30ml    ,0,4.6 stars out of a maximum of 5,https://www.lookfantastic.com/p/dr-dennis-gross-skincare-alpha-beta-pore-perfecting-refining-serum-30ml/12453441/,https://www.lookfantastic.com/images?url=https://static.thcdn.com/productimg/1600/1600/12453441-1254768093435749.jpg&format=webp&auto=avif&width=640&height=640&fit=crop,Serums,No range,Mens
N/A, Eucerin Hyaluron-Filler Night Peeling and Serum 30ml   Save 25%       4.86 stars out of a maximum of 5                                            14   RRP: £45.00Current price: £33.75     ,0,4.86 stars out of a maximum of 5,https://www.lookfantastic.com/p/eucerin-hyaluron-filler-night-peeling-and-serum-30ml/12034028/,https://www.lookfantastic.com/images?url=https://static.thcdn.com/productimg/original/12034028-1255111285700345.jpg&format=webp&auto=avif&width=640&height=640&fit=crop,Serums,No range,Mens
N/A, SkinCeuticals Ultimate Facial Radiance Duo    Dermatologist Recommended       5 stars out of a maximum of 5                                            1     £153.00       ,0,5 stars out of a maximum of 5,https://www.lookfantastic.com/p/skinceuticals-ultimate-facial-radiance-duo/12312211/,https://www.lookfantastic.com/images?url=https://static.thcdn.com/productimg/1600/1600/12312211-1014710089319345.jpg&format=webp&auto=avif&width=640&height=640&fit=crop,Serums,No range,Mens
N/A, Uriage Hyséac SOS Paste 15g   Shop on our App for 20% off*       4.33 stars out of a maximum of 5                                            3     £10.44       ,0,4.33 stars out of a maximum of 5,https://www.lookfantastic.com/p/uriage-hyseac-sos-paste-15g/11835418/,https://www.lookfantastic.com/images?url=https://static.thcdn.com/productimg/original/11835418-1525093127513636.jpg&format=webp&auto=avif&width=640&height=640&fit=crop,Serums,No range,Mens
N/A, The INKEY List Caffeine Eye Cream 15ml     4.32 stars out of a maximum of 5                                            384     £10.00       ,0,4.32 stars out of a maximum of 5,https://www.lookfantastic.com/p/the-inkey-list-caffeine-eye-cream-15ml/14272888/,https://www.lookfantastic.com/images?url=https://static.thcdn.com/productimg/original/14272888-3605217840735411.jpg&format=webp&auto=avif&width=640&height=640&fit=crop,Eye-Creams,No range,Mens
N/A, Bulldog Age Defence Eye Roll-On 15ml     4.4 stars out of a maximum of 5                                            10     £10.00       ,0,4.4 stars out of a maximum of 5,https://www.lookfantastic.com/p/bulldog-age-defence-eye-roll-on-15ml/11639544/,https://www.lookfantastic.com/images?url=https://static.thcdn.com/productimg/1600/1600/11639544-1364557143847474.jpg&format=webp&auto=avif&width=640&height=640&fit=crop,Eye-Creams,No range,Mens
N/A, L'Oréal Men Expert Power Age Eye Cream with Hyaluronic Acid 15ml     4.74 stars out of a maximum of 5                                            27     £15.99       ,0,4.74 stars out of a maximum of 5,https://www.lookfantastic.com/p/l-oreal-men-expert-power-age-eye-cream-with-hyaluronic-acid-15ml/14220167/,https://www.lookfantastic.com/images?url=https://static.thcdn.com/productimg/original/14220167-5025024150041269.jpg&format=webp&auto=avif&width=640&height=640&fit=crop,Eye-Creams,No range,Mens
N/A, BARBER PRO Under Eye Mask with Activated Charcoal and Volcanic Ash (3 Applications)     4.96 stars out of a maximum of 5                                            26     £6.00       ,0,4.96 stars out of a maximum of 5,https://www.lookfantastic.com/p/barber-pro-under-eye-mask-with-activated-charcoal-and-volcanic-ash-3-applications/11432730/,https://www.lookfantastic.com/images?url=https://static.thcdn.com/productimg/original/11432730-1015185927460025.jpg&format=webp&auto=avif&width=640&height=640&fit=crop,Eye-Creams,No range,Mens
N/A, Elemis Pro-Collagen Eye Renewal 15ml   Shop on our App for 20% off*       4.52 stars out of a maximum of 5                                            62     £74.00       ,0,4.52 stars out of a maximum of 5,https://www.lookfantastic.com/p/elemis-pro-collagen-eye-renewal-15ml/10366344/,https://www.lookfantastic.com/images?url=https://static.thcdn.com/productimg/original/10366344-1695196060562698.jpg&format=webp&auto=avif&width=640&height=640&fit=crop,Eye-Creams,No range,Mens
N/A, Clinique for Men Anti-Age Eye Cream 15ml   Save 25%       4.78 stars out of a maximum of 5                                            9   RRP: £32.00Current price: £24.00     ,0,4.78 stars out of a maximum of 5,https://www.lookfantastic.com/p/clinique-for-men-anti-age-eye-cream-15ml/10366374/,https://www.lookfantastic.com/images?url=https://static.thcdn.com/productimg/original/10366374-6345189031028923.jpg&format=webp&auto=avif&width=640&height=640&fit=crop,Eye-Creams,No range,Mens
N/A, Drunk Elephant C-Tango Multivitamin Eye Cream 15ml   Shop on our App for 20% off*       4.6 stars out of a maximum of 5                                            83     £57.00       ,0,4.6 stars out of a maximum of 5,https://www.lookfantastic.com/p/drunk-elephant-c-tango-multivitamin-eye-cream-15ml/13310266/,https://www.lookfantastic.com/images?url=https://static.thcdn.com/productimg/original/13310266-2795177667109440.jpg&format=webp&auto=avif&width=640&height=640&fit=crop,Eye-Creams,No range,Mens
N/A, Garnier Hyaluronic Acid and Orange Juice Hydrating Brightening Eye Sheet Mask 6g     4.58 stars out of a maximum of 5                                            130     £3.49       ,0,4.58 stars out of a maximum of 5,https://www.lookfantastic.com/p/garnier-hyaluronic-acid-and-orange-juice-hydrating-brightening-eye-sheet-mask-6g/11850177/,https://www.lookfantastic.com/images?url=https://static.thcdn.com/productimg/original/11850177-4985079905656476.jpg&format=webp&auto=avif&width=640&height=640&fit=crop,Eye-Creams,No range,Mens
N/A, COSRX Advanced Snail Peptide Eye Cream 25ml   Shop on our App for 20% off*       4.56 stars out of a maximum of 5                                            16     £35.99       ,0,4.56 stars out of a maximum of 5,https://www.lookfantastic.com/p/cosrx-advanced-snail-peptide-eye-cream-25ml/12693035/,https://www.lookfantastic.com/images?url=https://static.thcdn.com/productimg/original/12693035-1235165199463404.jpg&format=webp&auto=avif&width=640&height=640&fit=crop,Eye-Creams,No range,Mens
N/A, ESPA 24hr Replenishing Eye Moisturiser 15ml   Shop on our App for 20% off*       4.57 stars out of a maximum of 5                                            28     £42.00       ,0,4.57 stars out of a maximum of 5,https://www.lookfantastic.com/p/espa-24hr-replenishing-eye-moisturiser/12226494/,https://www.lookfantastic.com/images?url=https://static.thcdn.com/productimg/original/12226494-2825188552087386.jpg&format=webp&auto=avif&width=640&height=640&fit=crop,Eye-Creams,No range,Mens
N/A, L'Oréal Paris Dermo Expertise Revitalift Laser Renew Precision Eye Cream - Triple Action (15ml)     4.67 stars out of a maximum of 5                                            6     £29.99       ,0,4.67 stars out of a maximum of 5,https://www.lookfantastic.com/p/l-oreal-paris-dermo-expertise-revitalift-laser-renew-precision-eye-cream-triple-action-15ml/10726514/,https://www.lookfantastic.com/images?url=https://static.thcdn.com/productimg/original/10726514-1604927995631428.jpg&format=webp&auto=avif&width=640&height=640&fit=crop,Eye-Creams,No range,Mens
N/A, Kiehl's Creamy Eye Treatment with Avocado (Various Sizes)   Free Gift Set       4.68 stars out of a maximum of 5                                            756   RRP: £30.00Current price: £24.00    14G  28G    ,0,4.68 stars out of a maximum of 5,https://www.lookfantastic.com/p/kiehl-s-creamy-eye-treatment-with-avocado-various-sizes/12916107/,https://www.lookfantastic.com/images?url=https://static.thcdn.com/productimg/original/12916107-1555129688365991.jpg&format=webp&auto=avif&width=640&height=640&fit=crop,Eye-Creams,No range,Mens
N/A, The INKEY List Retinol Eye Cream 15ml   Shop on our App for 20% off*       4.35 stars out of a maximum of 5                                            276     £13.00       ,0,4.35 stars out of a maximum of 5,https://www.lookfantastic.com/p/the-inkey-list-retinol-eye-cream-15ml/12435689/,https://www.lookfantastic.com/images?url=https://static.thcdn.com/productimg/original/12435689-7315217840067437.jpg&format=webp&auto=avif&width=640&height=640&fit=crop,Eye-Creams,No range,Mens
N/A, Clinique All About Eyes Eye Cream Rich 15ml   Free Full Size Gift (Worth £25) + Double +Points       4.65 stars out of a maximum of 5                                            329     £35.00       ,0,4.65 stars out of a maximum of 5,https://www.lookfantastic.com/p/clinique-all-about-eyes-eye-cream-rich-15ml/11144762/,https://www.lookfantastic.com/images?url=https://static.thcdn.com/productimg/original/11144762-4975163394638864.jpg&format=webp&auto=avif&width=640&height=640&fit=crop,Eye-Creams,No range,Mens
N/A, La Roche-Posay Redermic [R] Retinol Eye Cream 15ml   Shop on our App for 20% off*       4.39 stars out of a maximum of 5                                            132     £31.50       ,0,4.39 stars out of a maximum of 5,https://www.lookfantastic.com/p/la-roche-posay-redermic-r-retinol-eye-cream-15ml/11091870/,https://www.lookfantastic.com/images?url=https://static.thcdn.com/productimg/original/11091870-1254929883942845.jpg&format=webp&auto=avif&width=640&height=640&fit=crop,Eye-Creams,No range,Mens
N/A," Garnier Brightening 4% Vitamin C, Niacinamide, Caffeine and Banana Powder Eye Cream 15ml   Save 33%       4.21 stars out of a maximum of 5                                            71   RRP: £10.99Current price: £7.36     ",0,4.21 stars out of a maximum of 5,https://www.lookfantastic.com/p/garnier-brightening-4-vitamin-c-niacinamide-caffeine-and-banana-powder-eye-cream-15ml/14706656/,https://www.lookfantastic.com/images?url=https://static.thcdn.com/productimg/original/14706656-1735060691001161.jpg&format=webp&auto=avif&width=640&height=640&fit=crop,Eye-Creams,No range,Mens
N/A, Ole Henriksen Banana Bright Eye Crème 15ml   Shop on our App for 20% off*       4.65 stars out of a maximum of 5                                            89     £38.00       ,0,4.65 stars out of a maximum of 5,https://www.lookfantastic.com/p/ole-henriksen-banana-bright-eye-creme-15ml/14887411/,https://www.lookfantastic.com/images?url=https://static.thcdn.com/productimg/original/14887411-2085128685018292.jpg&format=webp&auto=avif&width=640&height=640&fit=crop,Eye-Creams,No range,Mens
N/A, The INKEY List Brighten-I Eye Cream 15ml   Save 25%       4.14 stars out of a maximum of 5                                            157   RRP: £12.00Current price: £9.00     ,0,4.14 stars out of a maximum of 5,https://www.lookfantastic.com/p/the-inkey-list-brighten-i-eye-cream-15ml/12276071/,https://www.lookfantastic.com/images?url=https://static.thcdn.com/productimg/original/12276071-1125217851702559.jpg&format=webp&auto=avif&width=640&height=640&fit=crop,Eye-Creams,No range,Mens
N/A, PIXI FortifEYE Eye Patches serum (30 Pairs)     4.5 stars out of a maximum of 5                                            145     £22.00       ,0,4.5 stars out of a maximum of 5,https://www.lookfantastic.com/p/pixi-fortifeye-eye-patches-serum-30-pairs/12040114/,https://www.lookfantastic.com/images?url=https://static.thcdn.com/productimg/original/12040114-1734969283688234.jpg&format=webp&auto=avif&width=640&height=640&fit=crop,Eye-Creams,No range,Mens
N/A, Peter Thomas Roth Instant FirmX Eye 30ml   Shop on our App for 20% off*       4.12 stars out of a maximum of 5                                            142     £40.00       ,0,4.12 stars out of a maximum of 5,https://www.lookfantastic.com/p/peter-thomas-roth-instant-firmx-eye-30ml/11289134/,https://www.lookfantastic.com/images?url=https://static.thcdn.com/productimg/original/11289134-2125219627941509.jpg&format=webp&auto=avif&width=640&height=640&fit=crop,Eye-Creams,No range,Mens
N/A, Medik8 Crystal Retinal Ceramide Eye 6 15ml    Dermatologist Recommended       4.83 stars out of a maximum of 5                                            53     £55.00       ,0,4.83 stars out of a maximum of 5,https://www.lookfantastic.com/p/medik8-crystal-retinal-ceramide-eye-6-15ml/14271144/,https://www.lookfantastic.com/images?url=https://static.thcdn.com/productimg/original/14271144-1465208759425904.jpg&format=webp&auto=avif&width=640&height=640&fit=crop,Eye-Creams,No range,Mens
N/A, LANEIGE Water Bank Blue Hyaluronic Eye Cream 25ml   NEW IN       4.62 stars out of a maximum of 5                                            29     £35.50       ,0,4.62 stars out of a maximum of 5,https://www.lookfantastic.com/p/laneige-water-bank-blue-hyaluronic-eye-cream-25ml/13631947/,https://www.lookfantastic.com/images?url=https://static.thcdn.com/productimg/original/13631947-1984940487643335.jpg&format=webp&auto=avif&width=640&height=640&fit=crop,Eye-Creams,No range,Mens
N/A, Garnier Hyaluronic Acid and Coconut Water Hydrating Replumping Eye Sheet Mask 6g     4.35 stars out of a maximum of 5                                            40     £3.49       ,0,4.35 stars out of a maximum of 5,https://www.lookfantastic.com/p/garnier-hyaluronic-acid-and-coconut-water-hydrating-replumping-eye-sheet-mask-6g/11850176/,https://www.lookfantastic.com/images?url=https://static.thcdn.com/productimg/original/11850176-5855079905517333.jpg&format=webp&auto=avif&width=640&height=640&fit=crop,Eye-Creams,No range,Mens
N/A, Neutrogena Retinol Boost Eye Cream 15ml    Dermatologist Recommended       4.47 stars out of a maximum of 5                                            212     £27.99       ,0,4.47 stars out of a maximum of 5,https://www.lookfantastic.com/p/neutrogena-retinol-boost-eye-cream-15ml/14705422/,https://www.lookfantastic.com/images?url=https://static.thcdn.com/productimg/original/14705422-1255147588902488.jpg&format=webp&auto=avif&width=640&height=640&fit=crop,Eye-Creams,No range,Mens
N/A, BEAUTYPRO Eye Therapy Under Eye Mask with Collagen and Green Tea Extract (3 Applications)   Save 20%       4.58 stars out of a maximum of 5                                            698   RRP: £6.00Current price: £4.80     ,0,4.58 stars out of a maximum of 5,https://www.lookfantastic.com/p/beautypro-eye-therapy-under-eye-mask-with-collagen-and-green-tea-extract-3-applications/11432737/,https://www.lookfantastic.com/images?url=https://static.thcdn.com/productimg/original/11432737-3115180202975570.jpg&format=webp&auto=avif&width=640&height=640&fit=crop,Eye-Creams,No range,Mens
N/A, CeraVe Eye Repair Cream 14ml    Dermatologist Recommended       4.4 stars out of a maximum of 5                                            454     £14.50       ,0,4.4 stars out of a maximum of 5,https://www.lookfantastic.com/p/cerave-eye-repair-cream-14ml/11798690/,https://www.lookfantastic.com/images?url=https://static.thcdn.com/productimg/original/11798690-8135216504234286.jpg&format=webp&auto=avif&width=640&height=640&fit=crop,Eye-Creams,No range,Mens
N/A, La Roche-Posay Hydraphase Intense Eyes 15ml   Shop on our App for 20% off*       4.42 stars out of a maximum of 5                                            111     £19.00       ,0,4.42 stars out of a maximum of 5,https://www.lookfantastic.com/p/la-roche-posay-hydraphase-intense-eyes-15ml/11428984/,https://www.lookfantastic.com/images?url=https://static.thcdn.com/productimg/original/11428984-1195037147207576.jpg&format=webp&auto=avif&width=640&height=640&fit=crop,Eye-Creams,No range,Mens
N/A, CeraVe Skin Renewing Eye Cream with Peptide Complex & Caffeine for Brighter Smoother Eyes 15ml    Dermatologist Recommended       4.73 stars out of a maximum of 5                                            15     £23.00       ,0,4.73 stars out of a maximum of 5,https://www.lookfantastic.com/p/cerave-skin-renewing-eye-cream-with-peptide-complex-caffeine-for-brighter-smoother-eyes-15ml/15787496/,https://www.lookfantastic.com/images?url=https://static.thcdn.com/productimg/original/15787496-1175203550796558.jpg&format=webp&auto=avif&width=640&height=640&fit=crop,Eye-Creams,No range,Mens
N/A, BEAUTYPRO Warming Eye Mask 16g   Save 20%       4.77 stars out of a maximum of 5                                            188   RRP: £2.95Current price: £2.36     ,0,4.77 stars out of a maximum of 5,https://www.lookfantastic.com/p/beautypro-warming-eye-mask-16g/13645993/,https://www.lookfantastic.com/images?url=https://static.thcdn.com/productimg/original/13645993-1675185943282472.jpg&format=webp&auto=avif&width=640&height=640&fit=crop,Eye-Creams,No range,Mens
N/A, La Roche-Posay Toleriane Dermallergo Eye Cream 20ml   Shop on our App for 20% off*       4.72 stars out of a maximum of 5                                            86     £21.00       ,0,4.72 stars out of a maximum of 5,https://www.lookfantastic.com/p/la-roche-posay-toleriane-dermallergo-eye-cream-20ml/12932547/,https://www.lookfantastic.com/images?url=https://static.thcdn.com/productimg/original/12932547-1524907799231210.jpg&format=webp&auto=avif&width=640&height=640&fit=crop,Eye-Creams,No range,Mens
N/A," Revolution Skin De-Puff Pillow Eye Patches, 30 pairs   Shop on our App for 20% off*       4.75 stars out of a maximum of 5                                            8     £14.00       ",0,4.75 stars out of a maximum of 5,https://www.lookfantastic.com/p/revolution-skin-de-puff-pillow-eye-patches-30-pairs/15775151/,https://www.lookfantastic.com/images?url=https://static.thcdn.com/productimg/original/15775151-1995210311861953.jpg&format=webp&auto=avif&width=640&height=640&fit=crop,Eye-Creams,No range,Mens
N/A, Estée Lauder Advanced Night Repair Eye Supercharged Gel-Creme 15ml   Complimentary Gift       4.82 stars out of a maximum of 5                                            85     £56.00       ,0,4.82 stars out of a maximum of 5,https://www.lookfantastic.com/p/estee-lauder-advanced-night-repair-eye-supercharged-gel-creme-15ml/13924834/,https://www.lookfantastic.com/images?url=https://static.thcdn.com/productimg/original/13924834-1784976743956681.jpg&format=webp&auto=avif&width=640&height=640&fit=crop,Eye-Creams,No range,Mens
N/A, L'Oréal Men Expert Hydra Energetic Daily Anti-Fatigue Moisturising Lotion (50ml)   Save 50%       4.72 stars out of a maximum of 5                                            118   RRP: £12.99Current price: £6.50     ,0,4.72 stars out of a maximum of 5,https://www.lookfantastic.com/p/l-oreal-men-expert-hydra-energetic-daily-anti-fatigue-moisturising-lotion-50ml/10547024/,https://www.lookfantastic.com/images?url=https://static.thcdn.com/productimg/original/10547024-3795051162971119.jpg&format=webp&auto=avif&width=640&height=640&fit=crop,Moisturizers,No range,Mens
N/A, L'Oréal Paris Men Expert Hydra Energetic Quenching Gel (50ml)     4.7 stars out of a maximum of 5                                            43     £12.99       ,0,4.7 stars out of a maximum of 5,https://www.lookfantastic.com/p/l-oreal-paris-men-expert-hydra-energetic-quenching-gel-50ml/10726531/,https://www.lookfantastic.com/images?url=https://static.thcdn.com/productimg/original/10726531-4864927995808593.jpg&format=webp&auto=avif&width=640&height=640&fit=crop,Moisturizers,No range,Mens
N/A, Bulldog Oil Control Moisturiser 100ml     4.8 stars out of a maximum of 5                                            25     £6.60       ,0,4.8 stars out of a maximum of 5,https://www.lookfantastic.com/p/bulldog-oil-control-moisturiser-100ml/11393161/,https://www.lookfantastic.com/images?url=https://static.thcdn.com/productimg/1600/1600/11393161-1654461279484506.jpg&format=webp&auto=avif&width=640&height=640&fit=crop,Moisturizers,No range,Mens
N/A, The INKEY List Peptide Moisturizer 50ml   Shop on our App for 20% off*       4.45 stars out of a maximum of 5                                            174     £16.00       ,0,4.45 stars out of a maximum of 5,https://www.lookfantastic.com/p/the-inkey-list-peptide-moisturizer-50ml/12435692/,https://www.lookfantastic.com/images?url=https://static.thcdn.com/productimg/original/12435692-1335217840135393.jpg&format=webp&auto=avif&width=640&height=640&fit=crop,Moisturizers,No range,Mens
N/A, Bulldog Protective Moisturiser 100ml     4 stars out of a maximum of 5                                            9     £9.00       ,0,4 stars out of a maximum of 5,https://www.lookfantastic.com/p/bulldog-protective-moisturiser-100ml/11120094/,https://www.lookfantastic.com/images?url=https://static.thcdn.com/productimg/1600/1600/11120094-4604644207447246.jpg&format=webp&auto=avif&width=640&height=640&fit=crop,Moisturizers,No range,Mens
N/A, Clinique for Men Anti-Age Eye Cream 15ml   Save 25%       4.78 stars out of a maximum of 5                                            9   RRP: £32.00Current price: £24.00     ,0,4.78 stars out of a maximum of 5,https://www.lookfantastic.com/p/clinique-for-men-anti-age-eye-cream-15ml/10366374/,https://www.lookfantastic.com/images?url=https://static.thcdn.com/productimg/original/10366374-6345189031028923.jpg&format=webp&auto=avif&width=640&height=640&fit=crop,Moisturizers,No range,Mens
N/A, Clinique for Men Maximum Hydrator Activated Water-Gel Concentrate 48ml   Save 25%       4.94 stars out of a maximum of 5                                            17   RRP: £40.00Current price: £30.00     ,0,4.94 stars out of a maximum of 5,https://www.lookfantastic.com/p/clinique-for-men-maximum-hydrator-activated-water-gel-concentrate-48ml/11443364/,https://www.lookfantastic.com/images?url=https://static.thcdn.com/productimg/original/11443364-4534938131678394.jpg&format=webp&auto=avif&width=640&height=640&fit=crop,Moisturizers,No range,Mens
N/A, BARBER PRO Skin Renewing Foil Mask with Hyaluronic Acid   Save 20%       4.7 stars out of a maximum of 5                                            10   RRP: £5.95Current price: £4.76     ,0,4.7 stars out of a maximum of 5,https://www.lookfantastic.com/p/barber-pro-skin-renewing-foil-mask-with-hyaluronic-acid/11855348/,https://www.lookfantastic.com/images?url=https://static.thcdn.com/productimg/original/11855348-2115185928199981.jpg&format=webp&auto=avif&width=640&height=640&fit=crop,Moisturizers,No range,Mens
N/A, BARBER PRO Foot Peel Treatment (1 Pair)     4.21 stars out of a maximum of 5                                            68     £10.00       ,0,4.21 stars out of a maximum of 5,https://www.lookfantastic.com/p/barber-pro-foot-peel-treatment-1-pair/11929250/,https://www.lookfantastic.com/images?url=https://static.thcdn.com/productimg/original/11929250-4875185928613075.jpg&format=webp&auto=avif&width=640&height=640&fit=crop,Moisturizers,No range,Mens
N/A, Weleda Skin Food 75ml   Save 40% | 1 Week Only       4.65 stars out of a maximum of 5                                            1213   RRP: £15.95Current price: £9.57    75ml    ,0,4.65 stars out of a maximum of 5,https://www.lookfantastic.com/p/weleda-skin-food-75ml/10540680/,https://www.lookfantastic.com/images?url=https://static.thcdn.com/productimg/original/10540680-9725103528225708.jpg&format=webp&auto=avif&width=640&height=640&fit=crop,Moisturizers,No range,Mens
N/A, COSRX Advanced Snail 92 All in One Cream 100ml   Shop on our App for 20% off*       4.63 stars out of a maximum of 5                                            155     £30.99       ,0,4.63 stars out of a maximum of 5,https://www.lookfantastic.com/p/cosrx-advanced-snail-92-all-in-one-cream-100ml/11401173/,https://www.lookfantastic.com/images?url=https://static.thcdn.com/productimg/original/11401173-1104945375256001.jpg&format=webp&auto=avif&width=640&height=640&fit=crop,Moisturizers,No range,Mens
N/A, Bulldog Energising Moisturiser 100ml     5 stars out of a maximum of 5                                            8     £9.00       ,0,5 stars out of a maximum of 5,https://www.lookfantastic.com/p/bulldog-energising-moisturiser-100ml/12037193/,https://www.lookfantastic.com/images?url=https://static.thcdn.com/productimg/1600/1600/12037193-7624649937675246.jpg&format=webp&auto=avif&width=640&height=640&fit=crop,Moisturizers,No range,Mens
N/A, ESPA (Retail) Triple Action Grooming Oil 25ml   Save 60%       4.84 stars out of a maximum of 5                                            38   RRP: £34.00Current price: £13.60     ,0,4.84 stars out of a maximum of 5,https://www.lookfantastic.com/p/espa-retail-triple-action-grooming-oil-25ml/11958958/,https://www.lookfantastic.com/images?url=https://static.thcdn.com/productimg/1600/1600/11958958-2014644194903721.jpg&format=webp&auto=avif&width=640&height=640&fit=crop,Moisturizers,No range,Mens
N/A, First Aid Beauty Ultra Repair Cream 226g   Save 50%       5 stars out of a maximum of 5                                            7   RRP: £64.00Current price: £32.00    226g    ,0,5 stars out of a maximum of 5,https://www.lookfantastic.com/p/first-aid-beauty-ultra-repair-cream-226g/14616884/,https://www.lookfantastic.com/images?url=https://static.thcdn.com/productimg/original/14616884-1445055301829289.jpg&format=webp&auto=avif&width=640&height=640&fit=crop,Moisturizers,No range,Mens
N/A, ESPA The Hydrator 50ml   Shop on our App for 20% off*       5 stars out of a maximum of 5                                            1     £35.00       ,0,5 stars out of a maximum of 5,https://www.lookfantastic.com/p/espa-the-hydrator-50ml/13106648/,https://www.lookfantastic.com/images?url=https://static.thcdn.com/productimg/original/13106648-1835188541382159.jpg&format=webp&auto=avif&width=640&height=640&fit=crop,Moisturizers,No range,Mens
N/A, Clinique Anti Blemish Solutions All Over Clearing Treatment 50ml   Shop on our App for 20% off*       4.17 stars out of a maximum of 5                                            6     £21.00       ,0,4.17 stars out of a maximum of 5,https://www.lookfantastic.com/p/clinique-for-men-anti-blemish-solutions-clearing-moisturiser-50ml/10362400/,https://www.lookfantastic.com/images?url=https://static.thcdn.com/productimg/1600/1600/10362400-8245918114958894.jpg&format=webp&auto=avif&width=640&height=640&fit=crop,Moisturizers,No range,Mens
N/A," La Roche-Posay Effaclar Duo+M Anti-Blemish Corrective Gel Moisturiser for Oily, Blemish-Prone Skin 40ml   Shop on our App for 20% off*       4.6 stars out of a maximum of 5                                            863     £20.90       ",0,4.6 stars out of a maximum of 5,https://www.lookfantastic.com/p/la-roche-posay-effaclar-duo-m-anti-blemish-corrective-gel-moisturiser-for-oily-blemish-prone-skin-40ml/11091821/,https://www.lookfantastic.com/images?url=https://static.thcdn.com/productimg/original/11091821-1695138724549126.jpg&format=webp&auto=avif&width=640&height=640&fit=crop,Moisturizers,No range,Mens
N/A, The Ordinary Natural Moisturizing Factors + HA 100ml     4.64 stars out of a maximum of 5                                            592     £12.80      100ml    ,0,4.64 stars out of a maximum of 5,https://www.lookfantastic.com/p/the-ordinary-natural-moisturizing-factors-ha-100ml/11638505/,https://www.lookfantastic.com/images?url=https://static.thcdn.com/productimg/original/11638505-1015202011522472.jpg&format=webp&auto=avif&width=640&height=640&fit=crop,Moisturizers,No range,Mens
N/A, Elemis Pro-Collagen Marine Cream SPF 30 50ml   Save 20%       4.87 stars out of a maximum of 5                                            520   RRP: £95.00Current price: £75.95     ,0,4.87 stars out of a maximum of 5,https://www.lookfantastic.com/p/elemis-pro-collagen-marine-cream-spf-30-50ml/11419327/,https://www.lookfantastic.com/images?url=https://static.thcdn.com/productimg/original/11419327-1185107140125670.jpg&format=webp&auto=avif&width=640&height=640&fit=crop,Moisturizers,No range,Mens
N/A, La Roche-Posay Toleriane Sensitive Facial Moisturiser 40ml   Shop on our App for 20% off*       4.67 stars out of a maximum of 5                                            33     £17.57       ,0,4.67 stars out of a maximum of 5,https://www.lookfantastic.com/p/la-roche-posay-toleriane-sensitive-facial-moisturiser-40ml/12553359/,https://www.lookfantastic.com/images?url=https://static.thcdn.com/productimg/1600/1600/11855111-1874721488003554.jpg&format=webp&auto=avif&width=640&height=640&fit=crop,Moisturizers,No range,Mens
N/A, CeraVe Moisturising Cream Pot with Ceramides for Dry to Very Dry Skin 454g    Dermatologist Recommended       4.73 stars out of a maximum of 5                                            521     £17.50      454g    ,0,4.73 stars out of a maximum of 5,https://www.lookfantastic.com/p/cerave-moisturising-cream-pot-with-ceramides-for-dry-to-very-dry-skin-454g/11798691/,https://www.lookfantastic.com/images?url=https://static.thcdn.com/productimg/original/11798691-1315192205125829.jpg&format=webp&auto=avif&width=640&height=640&fit=crop,Moisturizers,No range,Mens
N/A, La Roche-Posay Nutritic Intense Rich 50ml   Shop on our App for 20% off*       4.65 stars out of a maximum of 5                                            291     £22.50       ,0,4.65 stars out of a maximum of 5,https://www.lookfantastic.com/p/la-roche-posay-nutritic-intense-rich-50ml/11091859/,https://www.lookfantastic.com/images?url=https://static.thcdn.com/productimg/original/11091859-1074929883862154.jpg&format=webp&auto=avif&width=640&height=640&fit=crop,Moisturizers,No range,Mens
N/A, Bobbi Brown Vitamin Enriched Face Base 50ml   Bestsellers Duo Gift*       4.86 stars out of a maximum of 5                                            1581     £54.00       ,0,4.86 stars out of a maximum of 5,https://www.lookfantastic.com/p/bobbi-brown-vitamin-enriched-face-base-50ml/11512195/,https://www.lookfantastic.com/images?url=https://static.thcdn.com/productimg/original/11512195-1075217807350538.jpg&format=webp&auto=avif&width=640&height=640&fit=crop,Moisturizers,No range,Mens
N/A, CeraVe PM Facial Moisturising Lotion with Ceramides for Normal to Dry Skin 52ml    Dermatologist Recommended       4.7 stars out of a maximum of 5                                            481     £16.50       ,0,4.7 stars out of a maximum of 5,https://www.lookfantastic.com/p/cerave-pm-facial-moisturising-lotion-with-ceramides-for-normal-to-dry-skin-52ml/11798688/,https://www.lookfantastic.com/images?url=https://static.thcdn.com/productimg/original/11798688-1675216504142096.jpg&format=webp&auto=avif&width=640&height=640&fit=crop,Moisturizers,No range,Mens
N/A, CeraVe Moisturising Lotion for Dry to Very Dry Skin 473ml    Dermatologist Recommended       4.84 stars out of a maximum of 5                                            390     £17.50      473ml    ,0,4.84 stars out of a maximum of 5,https://www.lookfantastic.com/p/cerave-moisturising-lotion-for-dry-to-very-dry-skin-473ml/11798695/,https://www.lookfantastic.com/images?url=https://static.thcdn.com/productimg/original/11798695-1175216504260371.jpg&format=webp&auto=avif&width=640&height=640&fit=crop,Moisturizers,No range,Mens
N/A, Embryolisse Lait-Crème Concentré Multi-Purpose Moisturiser 75ml    Dermatologist Recommended       4.79 stars out of a maximum of 5                                            533     £21.99      75ml    ,0,4.79 stars out of a maximum of 5,https://www.lookfantastic.com/p/embryolisse-lait-creme-concentre-multi-purpose-moisturiser-75ml/11118731/,https://www.lookfantastic.com/images?url=https://static.thcdn.com/productimg/original/11118731-1395087431317234.jpg&format=webp&auto=avif&width=640&height=640&fit=crop,Moisturizers,No range,Mens
N/A, Clinique Dramatically Different Moisturising Lotion+ 125ml with Pump   Free Full Size Gift (Worth £25) + Double +Points       4.66 stars out of a maximum of 5                                            283     £37.00       ,0,4.66 stars out of a maximum of 5,https://www.lookfantastic.com/p/clinique-dramatically-different-moisturizing-lotion-125ml-with-pump/11144716/,https://www.lookfantastic.com/images?url=https://static.thcdn.com/productimg/original/11144716-2015178143532825.jpg&format=webp&auto=avif&width=640&height=640&fit=crop,Moisturizers,No range,Mens
N/A, Clinique All About Eyes Eye Cream Rich 15ml   Free Full Size Gift (Worth £25) + Double +Points       4.65 stars out of a maximum of 5                                            329     £35.00       ,0,4.65 stars out of a maximum of 5,https://www.lookfantastic.com/p/clinique-all-about-eyes-eye-cream-rich-15ml/11144762/,https://www.lookfantastic.com/images?url=https://static.thcdn.com/productimg/original/11144762-4975163394638864.jpg&format=webp&auto=avif&width=640&height=640&fit=crop,Moisturizers,No range,Mens
N/A, Neutrogena Hydro Boost Water Gel Moisturiser with Hyaluronic Acid 50ml   Shop on our App for 20% off*       4.62 stars out of a maximum of 5                                            486     £14.25       ,0,4.62 stars out of a maximum of 5,https://www.lookfantastic.com/p/neutrogena-hydro-boost-water-gel-moisturiser-with-hyaluronic-acid-50ml/11433774/,https://www.lookfantastic.com/images?url=https://static.thcdn.com/productimg/original/11433774-1915132307949443.jpg&format=webp&auto=avif&width=640&height=640&fit=crop,Moisturizers,No range,Mens
N/A, L’Oréal Paris Men Expert Barber Club Moisturiser 50ml   Save 50%       4.69 stars out of a maximum of 5                                            71   RRP: £9.99Current price: £5.00     ,0,4.69 stars out of a maximum of 5,https://www.lookfantastic.com/p/l-oreal-paris-men-expert-barber-club-moisturiser-50ml/11769409/,https://www.lookfantastic.com/images?url=https://static.thcdn.com/productimg/original/11769409-6114927995646458.jpg&format=webp&auto=avif&width=640&height=640&fit=crop,Moisturizers,No range,Mens
N/A, Weleda Skin Food Light 75ml   Shop on our App for 20% off*       4.7 stars out of a maximum of 5                                            467     £15.95      75ml    ,0,4.7 stars out of a maximum of 5,https://www.lookfantastic.com/p/weleda-skin-food-light-75ml/12147428/,https://www.lookfantastic.com/images?url=https://static.thcdn.com/productimg/original/12147428-1224946158975614.jpg&format=webp&auto=avif&width=640&height=640&fit=crop,Moisturizers,No range,Mens
N/A, The Ordinary Natural Moisturising Factors + HA 30ml     4.52 stars out of a maximum of 5                                            405     £6.10      30ml    ,0,4.52 stars out of a maximum of 5,https://www.lookfantastic.com/p/the-ordinary-natural-moisturising-factors-ha-30ml/11396687/,https://www.lookfantastic.com/images?url=https://static.thcdn.com/productimg/original/11396687-1305202010752015.jpg&format=webp&auto=avif&width=640&height=640&fit=crop,Moisturizers,No range,Mens
