Brand,Name,Price,Rating,Product URL,Image URL,Category,Price Category,Gender,Ingredients
kiehl's,blue herbal cleanser 150ml,22.0,4.5/5,https://www.sephora.co.uk/p/Kiehls-Blue-Herbal-Cleanser-150ml,//asset.sephora.co.uk/img/products/77200/Kiehl__039_s_Blue_Herbal_Cleanser_150ml_1495442010_listing.jpg,Cleansers,No range,Mens,N/A
kiehl's,facial fuel energizing face wash 250ml,26.0,4.79/5,https://www.sephora.co.uk/p/Kiehls-Facial-Fuel-Energizing-Face-Wash-250ml,//asset.sephora.co.uk/img/products/60912/Kiehl_s_Facial_Fuel_Cleanser_250ml_1442301073_listing.jpg,Cleansers,No range,Mens,"Fmla 685312, Aqua, Glycerin, Ammonium Lauryl Sulfate, Propylene Glycol, Caprylyl Glycol, Coco-Betaine, Acrylates, Tea-Lauryl Sulfate, Triethanolamine, Coco-Glucoside, Phenoxyethanol, Decyl Glucoside, Methylparaben, Parfum, Benzophenone-3, Disodium Edta, Propylparaben, Zea Mays, Caffeine, Menthol, Limonene, Polyquaternium-39, Tocopherol, Citrus Aurantium Dulcis Extract, Citrus Medica Limonum Peel Extract, Castanea Sativa, Ci 42090, Ci 14700, F
            "
clinique,for men charcoal face wash 200ml,24.0,4.66/5,https://www.sephora.co.uk/p/Clinique-for-Men-Charcoal-Face-Wash-200ml,//asset.sephora.co.uk/img/products/59136/Clinique_for_Men_Charcoal_Face_Wash_200ml_1437729690_listing.jpg,Cleansers,No range,Mens,"Water\Aqua\Eau, Cocamidopropyl Hydroxysultaine, Coco-Betaine, Sodium Lauroyl Oat Amino Acids, Decyl Glucoside, Sodium Cocoyl Sarcosinate, Acrylates Copolymer, Sodium Chloride, Disodium Cocoyl Glutamate, Glycerin, Caffeine, Sodium Cocoyl Glutamate, Monosodium Citrate, Butylene Glycol, Citric Acid, Charcoal Powder, Sodium Hydroxide, Disodium Edta, Methylchloroisothiazolinone, Methylisothiazolinone, Phenoxyethanol, Iron Oxides (Ci 77499) <ILN41516>.
            "
clinique,for men face wash 200ml,20.0,4.44/5,https://www.sephora.co.uk/p/Clinique-for-Men-Face-Wash-200ml,//asset.sephora.co.uk/img/products/52613/Clinique_for_Men_Face_Wash_200ml_1410609086_listing.jpg,Cleansers,No range,Mens,"Water\Aqua\Eau, Sodium Laureth Sulfate, Sodium Chloride, Cocamidopropyl Hydroxysultaine, Lauramidopropyl Betaine, Sodium Cocoyl Sarcosinate, Tea-Cocoyl Glutamate, Aloe Barbadensis Leaf Juice, Sodium Hyaluronate, Sucrose, Di-Ppg-2 Myreth-10 Adipate, Hexylene Glycol, Chamomilla Recutita (Matricaria), Butylene Glycol, Caprylyl Glycol, Cetyl Triethylmonium Dimethicone Peg-8 Succinate, Sodium Sulfate, Polyquaternium-7, Laureth-2, Peg-120 Methyl Glucose Dioleate, Tocopheryl Acetate, Edta, Disodium Edta, Sodium Benzoate, Phenoxyethanol <ILN36232>.
            "
liz earle,for men cleanse & polish 100ml,14.0,4.74/5,https://www.sephora.co.uk/p/Liz-Earle-for-Men-Cleanse-and-Polish-100ml,//asset.sephora.co.uk/img/products/57437/Liz_Earle_for_Men_Cleanse__amp__Polish_100ml_1432301378_listing.jpg,Cleansers,No range,Mens,N/A
kiehl's,facial fuel energizing face wash 1l,65.0,5/5,https://www.sephora.co.uk/p/Kiehls-Facial-Fuel-Energizing-Face-Wash-1L,//asset.sephora.co.uk/img/products/78382/Kiehl__039_s_Facial_Fuel_Energizing_Face_Wash_1L_1524301871_listing.jpg,Cleansers,No range,Mens,N/A
bulldog skincare for men,oil control face wash 150ml,5.0,4.72/5,https://www.sephora.co.uk/p/Bulldog-Oil-Control-Face-Wash-150ml,//asset.sephora.co.uk/img/products/72448/Bulldog_Oil_Control_Face_Wash_150ml_1519208165_listing.jpg,Cleansers,No range,Mens,"Aqua (Water), Cocamidopropyl betaine, Glycerin, Coco-glucoside, Acrylates/C10-30 alkyl acrylate crosspolymer, Phenoxyethanol, Sodium chloride, Sodium lauroyl sarcosinate, Benzoic acid, Parfum (Fragrance)*, Hamamelis virginiana (Witch hazel) water, Dehydroacetic acid, Alcohol, Salix alba (Willow) bark extract, Juniperus communis fruit extract, Potassium sorbate, Sodium benzoate, Sodium hydroxide. *a blend of natural ingredients.
            "
la mer,the essence foaming cleanser 30ml,30.0,4.67/5,https://www.sephora.co.uk/p/LA-MER-The-Essence-Foaming-Cleanser-30ml?q=toners+men&q_typ=f,//asset.sephora.co.uk/img/products/178577/la_mer_the_essence_foaming_cleanser_30ml-1737188167_listing.jpg,Toners,No range,Mens,
dior,sauvage the toner 100ml,50.0,4.9/5,https://www.sephora.co.uk/p/dior-sauvage-the-toner-100ml?q=toners+men&q_typ=f,//asset.sephora.co.uk/img/products/179151/dior_sauvage_the_toner_100ml-1726298381_listing.jpg,Toners,No range,Mens,"#19046 AQUA (WATER), PENTYLENE GLYCOL, PROPANEDIOL, GLYCERIN, POLYGLYCERIN-3, PPG-26-BUTETH-26, CHLORPHENESIN, PEG-40 HYDROGENATED CASTOR OIL, ACRYLATES/C10-30 ALKYL ACRYLATE CROSSPOLYMER, MENTHOXYPROPANEDIOL, ALLANTOIN, PARFUM (FRAGRANCE), BUTYLENE GLYCOL, SODIUM HYDROXIDE, OPUNTIA COCCINELLIFERA FLOWER EXTRACT, 1,2-HEXANEDIOL, CAPRYLYL GLYCOL, SODIUM METABISULFITE, TRIETHYL CITRATE, CINNAMOMUM CASSIA BARK EXTRACT, SANGUISORBA OFFICINALIS ROOT EXTRACT, ZINGIBER OFFICINALE (GINGER) ROOT EXTRACT, PENTAERYTHRITYL TETRA-DI-T-BUTYL HYDROXYHYDROCINNAMATE
            "
dior,sauvage the cleanser 125ml,43.0,4.91/5,https://www.sephora.co.uk/p/dior-sauvage-the-cleanser-125ml?q=toners+men&q_typ=f,//asset.sephora.co.uk/img/products/179149/dior_sauvage_the_cleanser_125ml-1708071483_listing.jpg,Toners,No range,Mens,"#19066 AQUA (WATER), LAURYL GLUCOSIDE, COCAMIDOPROPYL BETAINE, DISODIUM COCOYL GLUTAMATE, ACRYLATES COPOLYMER, GLYCERIN, PENTYLENE GLYCOL, 1,2-HEXANEDIOL, SODIUM COCOYL GLUTAMATE, POLYGLYCERYL-10 STEARATE, MENTHOXYPROPANEDIOL, PARFUM (FRAGRANCE), SODIUM BENZOATE, POLYGLYCERYL-10 OLEATE, HYDROXYACETOPHENONE, SODIUM HYDROXIDE, CHARCOAL POWDER, CI 77499 (IRON OXIDES), CITRIC ACID, OPUNTIA COCCINELLIFERA FLOWER EXTRACT, SILICA, CAPRYLYL GLYCOL, TRIETHYL CITRATE, PENTAERYTHRITYL TETRA-DI-T-BUTYL HYDROXYHYDROCINNAMATE
            "
la mer,the essence foaming cleanser 125ml,90.0,4.67/5,https://www.sephora.co.uk/p/LA-MER-The-Essence-Foaming-Cleanser-125ml?q=toners+men&q_typ=f,//asset.sephora.co.uk/img/products/178572/la_mer_the_essence_foaming_cleanser_125ml-1737188166_listing.jpg,Toners,No range,Mens,
clarins,men after shave soothing toner 100ml,26.0,3.56/5,https://www.sephora.co.uk/p/CLARINS-Men-After-Shave-Soothing-Toner-100ml?q=toners+men&q_typ=f,//asset.sephora.co.uk/img/products/171739/clarins_men_after_shave_soothing_toner_100ml-1687418183_listing.jpg,Toners,No range,Mens,"ALCOHOL, AQUA/WATER/EAU, GLYCERIN, BUTYLENE GLYCOL, BETAINE, PARFUM/FRAGRANCE, PEG-40 HYDROGENATED CASTOR OIL, PANTHENOL, ETHYLENE BRASSYLATE, GYMNEMA SYLVESTRE LEAF EXTRACT, MARRUBIUM VULGARE EXTRACT, RIBES NIGRUM (BLACK CURRANT) BUD EXTRACT, HIEROCHLOE ODORATA EXTRACT, PHENETHYL ALCOHOL, FURCELLARIA LUMBRICALIS EXTRACT, LAPSANA COMMUNIS FLOWER/LEAF/STEM EXTRACT, MARIS SAL/SEA SALT/SEL MARIN.
            "
kiehl's,age defender power serum 75ml,57.0,4.6/5,https://www.sephora.co.uk/p/Kiehls-Age-Defender-Power-Serum-75ml?q=serums+men&q_typ=f,//asset.sephora.co.uk/img/products/65040/kiehl_s_age_defender_power_serum_75ml-1732090565_listing.jpg,Serums,No range,Mens,"AQUA/WATER, GLYCERIN, DIMETHICONE, ALCOHOL DENAT., ISONONYL ISONONANOATE, BUTYLENE GLYCOL, AMMONIUM POLYACRYLOYLDIMETHYL TAURATE, PHENOXYETHANOL, PENTYLENE GLYCOL, HYDROLYZED SOY PROTEIN, PARFUM/FRAGRANCE, HYDROXYPROPYL TETRAHYDROPYRANTRIOL, PROPYLENE GLYCOL, RUSCUS ACULEATUS ROOT EXTRACT, GLYCINE SOJA OIL/SOYBEAN OIL, CAFFEINE, TOCOPHEROL, HYDROLYZEDRICE PROTEIN, LIMONENE, BIOSACCHARIDE GUM-1, DISODIUM EDTA, ADENOSINE, T-BUTYL ALCOHOL, HYDROXYPALMITOYL SPHINGANINE, CRYPTOMERIA JAPONICA BUD EXTRACT, LINALOOL, CITRAL.

Die Liste der Inhaltsstoffe kann sich ändern. Bitte beachte die Verpackung des gekauften Produkts.
            "
dior,sauvage the serum - face serum powered by cactus for men 50ml,70.0,5/5,https://www.sephora.co.uk/p/dior-sauvage-the-serum-50ml?q=serums+men&q_typ=f,//asset.sephora.co.uk/img/products/179150/dior_sauvage_the_serum_face_serum_powered_by_cactus_for_men_50_ml-1730881110_listing.jpg,Serums,No range,Mens,"#19047 AQUA (WATER) • ALCOHOL • GLYCERIN • BUTYLENE GLYCOL • SQUALANE • BETAINE • LIMNANTHES ALBA (MEADOWFOAM) SEED OIL • POLYGLYCERIN-3 • PENTYLENE GLYCOL • HYDROXYETHYL ACRYLATE/SODIUM ACRYLOYLDIMETHYL TAURATE COPOLYMER • HYDROGENATED LECITHIN • LAUROYL LYSINE • MALVA SYLVESTRIS (MALLOW) EXTRACT • POLYGLYCERIN-6 • CAPRYLYL GLYCOL • PULLULAN • CHLORPHENESIN • TOCOPHERYL ACETATE • PARFUM (FRAGRANCE) • OPUNTIA FICUS-INDICA FRUIT EXTRACT • SODIUM ACETYLATED HYALURONATE • POLYSORBATE 60 • SORBITAN ISOSTEARATE • ALCALIGENES POLYSACCHARIDES • OPUNTIA COCCINELLIFERA FLOWER EXTRACT • HYDROLYZED SOY FLOUR • ADENOSINE • SODIUM HYALURONATE • PENTAERYTHRITYL TETRA-DI-T-BUTYL HYDROXYHYDROCINNAMATE • SODIUM BENZOATE • TRISODIUM ETHYLENEDIAMINE DISUCCINATE • 1,2-HEXANEDIOL • SODIUM TOCOPHERYL PHOSPHATE • POTASSIUM SORBATE • CITRIC ACID • TRIETHYL CITRATE • CITRUS JUNOS FRUIT EXTRACT
            "
shiseido,benefiance wrinkle smoothing contour serum 30ml,94.0,,https://www.sephora.co.uk/p/Shiseido-Benefiance-Wrinkle-Smoothing-Contour-Serum-30ml-FR?q=serums+men&q_typ=f,//asset.sephora.co.uk/img/products/108020/shiseido_benefiance_wrinkle_smoothing_contour_serum_30ml-1675844418_listing.jpg,Serums,No range,Mens,"WATER(AQUA/EAU), BUTYLENE GLYCOL, PENTAERYTHRITYL TETRAETHYLHEXANOATE, DIMETHICONE, GLYCERIN, DIPROPYLENE GLYCOL, ALCOHOL, BEHENYL ALCOHOL, PEG-450, SILICA, BATYL ALCOHOL, PHENOXYETHANOL, METHYLPARABEN, CARBOMER, DIMETHYLACRYLAMIDE/SODIUM ACRYLOYLDIMETHYLTAURATE CROSSPOLYMER, TRISODIUM EDTA, TOCOPHERYL ACETATE, RETINYL ACETATE, HELIANTHUS ANNUUS (SUNFLOWER) SEED OIL, BHT, POLYQUATERNIUM-51, FRAGRANCE (PARFUM), POTASSIUM HYDROXIDE, CAFFEINE, XANTHAN GUM, ACRYLATES/C10-30 ALKYL ACRYLATE CROSSPOLYMER, PPG-3 DIPIVALATE, ROSA CANINA FRUIT OIL, IRON OXIDES (CI 77492), TOCOPHEROL, SAPINDUS MUKOROSSI PEEL EXTRACT, LINALOOL, LIMONENE, SODIUM METABISULFITE, TRIISOSTEARIN, UNCARIA GAMBIR EXTRACT, CITRONELLOL, ANGELICA KEISKEI LEAF/STEM EXTRACT, TRIMETHYLOLPROPANE TRIETHYLHEXANOATE, GERANIOL, CELLULOSE, CAMELLIA SINENSIS LEAF EXTRACT, SODIUM ACETYLATED HYALURONATE, HYDROXYPROLINE, ZIZIPHUS JUJUBA FRUIT EXTRACT, CHLORELLA VULGARIS EXTRACT, METHICONE, TETRADECENE, EUCHEUMA SERRA/GRATELOUPIA SPARSA/SACCHARINA ANGUSTATA/ULVA LINZA/UNDARIA PINNATIFIDA EXTRACT, CURCUMA LONGA (TURMERIC) RHIZOME EXTRACT, SACCHARINA ANGUSTATA/UNDARIA PINNATIFIDA EXTRACT, PANAX GINSENG ROOT EXTRACT, ASCORBYL DIPALMITATE
            "
clinique,for men anti-age eye cream 15ml,33.0,4.33/5,https://www.sephora.co.uk/p/Clinique-for-Men-Anti-Age-Eye-Cream-15ml?q=eye+creams+men&q_typ=f,//asset.sephora.co.uk/img/products/52621/Clinique_for_Men_Anti_Age_Eye_Cream_15ml_1410608905_listing.jpg,Eye-Creams,No range,Mens,"Water\Aqua\Eau, Butyrospermum Parkii (Shea Butter), Cetearyl Alcohol, Butylene Glycol, Hydrogenated Polyisobutene, Phenyl Trimethicone, Polyglyceryl-3 Beeswax, Polybutene, Sucrose, Cetyl Esters, Isostearyl Neopentanoate, Polymethyl Methacrylate, Glycerin, Cetearyl Glucoside, Triticum Vulgare (Wheat) Germ Extract, Hordeum Vulgare (Barley) Extract\Extrait D'Orge, Betula Alba (Birch) Extract, Methyl Glucose Sesquistearate, Gentiana Lutea (Gentian) Root Extract, Sigesbeckia Orientalis (St. Paul'S Wort) Extract, Camellia Sinensis (Green Tea) Leaf Extract, Salvia Officinalis (Sage) Leaf, Coleus Barbatus Extract, Polysilicone-11, Whey Protein\Lactis Protein\Prot?ine Du Petit-Lait, Caffeine, Glyceryl Polymethacrylate, Peg-100 Stearate, Squalane, Peg-8, Acrylates/C10-30 Alkyl Acrylate Crosspolymer, Phytosphingosine, Dimethicone, Cholesterol, Linoleic Acid, Sodium Hyaluronate, Yeast Extract\Faex\Extrait De Levure, Dipropylene Glycol, Magnesium Ascorbyl Phosphate, 1,2-Hexanediol, Palmitoyl Oligopeptide, Isomerized Linoleic Acid, Decarboxy Carnosine Hcl, Caprylyl Glycol, Aminomethyl Propanol, Tocopheryl Acetate, Potassium Sulfate, Stearic Acid, Disodium Edta, Phenoxyethanol, Sodium Dehydroacetate, Mica, Yellow 5 (Ci 19140), Iron Oxides (Ci 77491, Ci 77492, Ci 77499), Titanium Dioxide (Ci 77891) <ILN40063>.
            "
elemis,men daily eye boost 15ml,46.95,4.8/5,https://www.sephora.co.uk/p/ELEMIS-Men-Daily-Eye-Boost-15ml?q=eye+creams+men&q_typ=f,//asset.sephora.co.uk/img/products/162092/elemis_daily_eye_boost_15ml_1648140231_listing.jpg,Eye-Creams,No range,Mens,"Aqua/Water/Eau, PEG-8, Dicaprylyl Carbonate, Glycerin, Sodium Polyacrylate, Xylitylglucoside, Hexyldecanol, Hexyldecyl Laurate, Phenoxyethanol, Anhydroxylitol, Dipalmitoyl Hydroxyproline, Xylitol, Disodium EDTA, Palmitic Acid, Benzoic Acid, Glucose, Dehydroacetic Acid, Fragrance (Parfum), Ethylhexylglycerin, Tocopherol, Panax Ginseng Root Extract, Citric Acid, Sodium Hydroxide.
            "
elemis,men pro-collagen marine cream 30ml,52.99,4.68/5,https://www.sephora.co.uk/p/ELEMIS-Men-Pro-Collagen-Marine-Cream-30ml,//asset.sephora.co.uk/img/products/61957/elemis_men_pro_collagen_marine_cream_30ml_1605698316_listing.jpg,Moisturizers,No range,Mens,"Aqua/Water/Eau, Glycerin, Caprylic/Capric Triglyceride, Glyceryl Stearate SE, Isononyl Isononanoate, Dicaprylyl Carbonate, Dimethicone, Phenoxyethanol, Polyacrylate-13, Cetyl Alcohol, Stearic Acid, Tocopheryl Acetate (Vitamin E), Coco-Caprylate, Disodium EDTA, Xanthan Gum, Polyisobutene, Fragrance (Parfum), Tocopherol, Butyrospermum Parkii (Shea) Butter, Chlorphenesin, Daucus Carota Sativa (Carrot) Root Extract, Triticum Vulgare (Wheat) Germ Oil, Chlorella Vulgaris Extract, Glyceryl Polyacrylate, Glyceryl Acrylate/Acrylic Acid Copolymer, Padina Pavonica Thallus Extract, Sodium Dehydroacetate, Polysorbate 20, Sorbitan Isostearate, Butylene Glycol, Ginkgo Biloba Leaf Extract, Porphyridium Cruentum Extract, Limonene, Linalool, Sodium Benzoate, Potassium Sorbate, Alteromonas Ferment Extract, Acacia Decurrens Flower Extract, Citric Acid.
            "
elemis,men daily moisture boost 50ml,38.0,4.83/5,https://www.sephora.co.uk/p/Elemis-Men-Daily-Moisture-Boost-50ml,//asset.sephora.co.uk/img/products/7407/elemis_men_daily_moisture_boost_50ml_1605697052_listing.jpg,Moisturizers,No range,Mens,"Aqua/Water/Eau, Dicaprylyl Ether, Glycerin, Squalane, Butyrospermum Parkii (Shea) Butter, Hydroxypropyl Starch Phosphate, Lauryl Glucoside, Polyglyceryl-2 Dipolyhydroxystearate, Phenoxyethanol, Hydroxyethyl Acrylate/Sodium Acryloyldimethyl Taurate Copolymer, Xanthan Gum, Isononyl Isononanoate, Prunus Amygdalus Dulcis (Sweet Almond) Oil, Calophyllum Inophyllum (Tamanu) Seed Oil, Propylene Glycol, Chlorphenesin, Disodium EDTA, Sclerotium Gum, Polysorbate 60, Tocopherol, Sodium Dehydroacetate, Citric Acid, Fragrance (Parfum), Sorbitan Isostearate, Cereus Grandiflorus (Cactus) Flower Extract, Propylene Glycol Dicaprylate/Dicaprate, Castanea Sativa (Chestnut) Seed Extract, Bambusa Vulgaris Sap Extract, Potassium Sorbate, Limonene, Linalool, Sorbic Acid, Litsea Cubeba Fruit Oil, Pelargonium Graveolens Flower Oil, Citrus Aurantium Amara (Bitter Orange) Peel Oil, Citrus Nobilis (Mandarin Orange) Peel Oil, Coriandrum Sativum (Coriander) Fruit Oil, Lavandula Hybrida (Hybrida) Oil, Sodium Hydroxide.
            "
kiehl's,age defender moisturiser 50ml,49.5,4.5/5,https://www.sephora.co.uk/p/Kiehls-Age-Defender-Moisturiser-50ml,//asset.sephora.co.uk/img/products/65037/kiehl_039_s_age_defender_moisturiser_50ml_1602508298_listing.jpg,Moisturizers,No range,Mens,"Polymethyl Methacrylate, Glycine Soja, Citrus Aurantium Dulcis, Tocopherol, Vaccinium Myrtillus Fruit Extract, Fmla 685630 17, Sucrose Stearate, Poly C10-30 Alkyl Acrylate, Chlorphenesin, Synthetic Wax, Acer Saccharinum, Sodium Benzoate, Capryloyl Salicylic Acid, Sodium Polyacrylate, Citral, Caffeine, Saccharum Officinarum, Limonene, Linalool, Hydrolyzed Linseed Extract, Phenoxyethanol, Alcohol Denat, Octyldodecanol, Pentaerythrityl Tetraethylhexanoate, Citrus Limon, Acrylates, Theobroma Cacao, Dimethicone, Hydrogenated Polyisobutene, Adenosine, Orbignya Oleifera Oil, Ascorbyl Glucoside, Aqua, Parfum, Pentaerythrityl Tetra-Di-T-Butyl Hydroxyhydrocinnamate, Stearic Acid, Xanthan Gum, F, Palmitic Acid, Polyurethane-2, Dimethiconol, Sodium Hydroxide, Glycerin
            "
clinique,for men moisturizing lotion 100ml,32.0,4.48/5,https://www.sephora.co.uk/p/Clinique-for-Men-Moisturizing-Lotion-100ml,//asset.sephora.co.uk/img/products/52617/Clinique_for_Men_Moisturizing_Lotion_100ml_1410609161_listing.jpg,Moisturizers,No range,Mens,"Water\Aqua\Eau, Mineral Oil\Paraffinum Liquidum\Huile Min?rale, Glycerin, Petrolatum, Stearic Acid, Glyceryl Stearate, Sesamum Indicum (Sesame) Oil, Urea, Lanolin Alcohol, Triethanolamine, Cucumis Sativus (Cucumber) Fruit Extract, Hordeum Vulgare (Barley) Extract\Extrait D'Orge, Propylene Glycol Dicaprate, Helianthus Annuus (Sunflower) Seedcake, Butylene Glycol, Sodium Hyaluronate, Pentylene Glycol, Trisodium Edta, Phenoxyethanol, Red 33 (Ci 17200), Yellow 5 (Ci 19140), Yellow 6 (Ci 15985) <ILN40055>.
            "
clinique,for men anti-age moisturizer 100ml,38.0,4.24/5,https://www.sephora.co.uk/p/Clinique-for-Men-Anti-Age-Moisturizer-100ml-,//asset.sephora.co.uk/img/products/130381/clinique_for_men_anti_age_moisturizer_100ml_1606809931_listing.jpg,Moisturizers,No range,Mens,N/A
clinique,for men maximum hydrator activated water-gel concentrate 48ml,42.0,4.67/5,https://www.sephora.co.uk/p/Clinique-For-Men-Maximum-Hydrator-Activated-Water-Gel-Concentrate-48ml,//asset.sephora.co.uk/img/products/76516/Clinique_For_Men_Maximum_Hydrator_Activated_Water_Gel_Concentrate_48ml_1492512162_listing.jpg,Moisturizers,No range,Mens,"Water\Aqua\Eau, Glycerin, Butylene Glycol, Phenyl Trimethicone, Propanediol, Sucrose, Hydroxyethyl Urea, Alteromonas Ferment Extract, Aloe Barbadensis Leaf Water, Algae Extract, Cholesterol, Hydrolyzed Rice Extract, Trehalose, Acetyl Glucosamine, Pentaerythrityl Tetraethylhexanoate, Sorbitol, Sodium Hyaluronate, Sodium Polyaspartate, Caffeine, Tocopheryl Acetate, Sodium Hydroxide, Acrylates/C10-30 Alkyl Acrylate Crosspolymer, Carbomer, Dextrin Palmitate, Dehydroxanthan Gum, Citric Acid, Benzophenone-4, Tetrahexyldecyl Ascorbate, Pentaerythrityl Tetra-Di-T-Butyl Hydroxyhydrocinnamate, Sodium Citrate, Disodium Edta, Bht, Chlorphenesin, Phenoxyethanol, Green 6 (Ci 61565) <ILN43187>.
            "
kiehl's,facial fuel moisturiser 125ml,38.5,4.86/5,https://www.sephora.co.uk/p/Kiehls-Facial-Fuel-125ml,//asset.sephora.co.uk/img/products/60909/Kiehl__039_s_Facial_Fuel_125ml_1513934384_listing.jpg,Moisturizers,No range,Mens,"Aqua / Water, Cyclohexasiloxane, Alcohol Denat., Glycerin, Butylene Glycol, Dimethicone, Zea Mays / Corn Germ Oil, Panthenol, Triethanolamine, Ascorbyl Glucoside, Glyceryl Linoleate, Phenoxyethanol, Polyperfluoromethylisopropyl Ether, Polyacrylamide, Dimethiconol, Glyceryl Oleate, Carbomer, Cetyl Alcohol, C13-14 Isoparaffin, Parfum / Fragrance, Acrylates/C10-30 Alkyl Acrylate Crosspolymer, Methylparaben, Glycine Soja Oil / Soybean Oil, Caffeine, Tocopherol, Hydrogenated Lecithin, Castanea Sativa / Chestnut Seed Extract, Benzophenone-4, Menthol, Limonene, Peg-100 Stearate, Glyceryl Stearate, Laureth-7, Hydrolyzed Soy Protein, Potassium Cetyl Phosphate, Butylparaben, Disodium Edta, Ethylparaben, Glyceryl Linolenate, Propylparaben, Citrus Aurantium Dulcis Juice / Orange Juice, Citrus Medica Limonum Juice / Lemon Juice, Linalool, Citral
            "
givenchy,le soin noir protection uv fluid spf50+ day cream 30ml,64.8,,https://www.sephora.co.uk/p/GIVENCHY-Le-Soin-Noir-Protection-UV-Fluid-SPF50-Day-Cream-30ml,//asset.sephora.co.uk/img/products/160057/givenchy_le_soin_noir_protection_uv_fluid_spf50_day_cream_30ml_1642070148_listing.jpg,Moisturizers,No range,Mens,"Ethylhexyl, Triazone, Dimethicone, Bis-ethylhexyloxyphenol Methoxyphenyl Triazine ,
Methylene Bis-benzotriazolyl Tetramethylbutylphenol  Diisopropyl Sebacate, C20-22 Alkyl Phosphate, Calcium Sodium Borosilicate, Glyceryl Stearate, Peg-100 Stearate, Caprylic/Capric Triglyceride, C20-22 Alcohols, Ci 77891 (Titanium Dioxide, Maris Aqua (Sea Water) Hydroxyethyl Acrylate/Sodium Acryloyldimethyl Taurate Copolymer, Caprylyl Glycol, Decyl Glucoside, Parfum (Fragrance) Chlorphenesin, Dimethicone/vinyl Dimethicone Crosspolymer, Hydroxyacetophenone, Propanediol, Xanthan Gum, Silica, Sodium Hydroxide, Citric Acid, Adenosine, Polysorbate 60, Sorbitan Isostearate, Phenoxyethanol, Undaria Pinnatifida Extract, Alumina, Propylene Glycol, Skeletonema Costatum Extract, Tocopherol, Ci 77491 (Iron Oxides) Saccharide Isomerate.
            "
clinique,for men maximum hydrator 72-hour auto-replenishing hydrator 50ml,39.0,3.66/5,https://www.sephora.co.uk/p/Clinique-For-Men-Maximum-Hydrator-72-Hour-Auto-Replenishing-Hydrator-50ml,//asset.sephora.co.uk/img/products/106213/clinique_for_men_maximum_hydrator_72_hour_auto_replenishing_hydrator_50ml_1561383063_listing.jpg,Moisturizers,No range,Mens,"Water\Aqua\Eau, Dimethicone, Butylene Glycol, Glycerin, Trisiloxane, Trehalose, Sucrose, Ammonium Acryloyldimethyltaurate/Vp Copolymer, Hydroxyethyl Urea, Camellia Sinensis (Green Tea) Leaf Extract, Saccharomyces Lysate Extract, Aloe Barbadensis Leaf Water, Silybum Marianum (Lady'S Thistle) Extract, Betula Alba (Birch) Bark Extract, Caffeine, Thermus Thermophillus Ferment, Palmitoyl Hexapeptide-12, Magnesium Ascorbyl Phosphate, Sodium Hyaluronate, Tocopheryl Acetate, Caprylyl Glycol, Sorbitol, Oleth-10, Acrylates/C10-30 Alkyl Acrylate Crosspolymer, Sodium Polyaspartate, Saccharide Isomerate, Hydrogenated Lecithin, Glyceryl Polymethacrylate, Peg-8, Tromethamine, Hexylene Glycol, Citric Acid, Disodium Edta-Copper, Sodium Citrate, Disodium Edta, Bht, Potassium Sorbate, Sodium Benzoate, Phenoxyethanol, Green 5 (Ci 61570).
            "
clarins,men line-control balm 50ml,42.5,4.76/5,https://www.sephora.co.uk/p/Clarins-Men-Line-Control-Balm-50ml,//asset.sephora.co.uk/img/products/69529/Clarins_Men_Line_Control_Balm_50ml_1473767381_listing.jpg,Moisturizers,No range,Mens,"Aqua/Water/Eau, Glycerin, Hydrogenated Polyisobutene, Butyrospermum Parkii (Shea) Butter, Cetearyl Ethylhexanoate, Caprylic/Capric Triglyceride, Ammonium Acryloyldimethyltaurate/Vp Copolymer, Caffeine, Butylene Glycol, Avena Sativa (Oat) Kernel Extract, Parfum/Fragrance, Ethylhexylglycerin, Polyacrylamide, Tocopheryl Acetate, Hierochloe Odorata Extract, Palmitoyl Proline, C13-14 Isoparaffin, Disodium Edta, Spilanthes Acmella Flower Extract, Magnesium Palmitoyl Glutamate, Sodium Palmitoyl Sarcosinate, Biosaccharide Gum-4, Laureth-7, Palmitic Acid, Pentylene Glycol, Portulaca Oleracea Extract, Thermus Thermophillus Ferment, Lapsana Communis Flower/Leaf/Stem Extract, Alpinia Officinarum Root Extract, Camellia Sinensis Leaf Extract, Rhodiola Rosea Root Extract, Tocopherol, Phenoxyethanol, Sodium Dehydroacetate, Potassium Sorbate, Sodium Lauryl Sulfate, Limonene, Linalool, Hexyl Cinnamal, Butylphenyl Methylpropional, Alpha-Isomethyl Ionone, Benzyl Benzoate, Citral, 
"
clinique,for men super energizer™ spf40 anti-fatigue hydrating concentrate 48ml,47.0,3.33/5,https://www.sephora.co.uk/p/Clinique-For-Men-Super-Energizer-SPF-40-Anti-Fatigue-Hydrating-Concentrate-48ml,//asset.sephora.co.uk/img/products/95441/Clinique_For_Men_Super_Energizer_trade__SPF_40_Anti_Fatigue_Hydrating_Concentrate_48ml_1532697980_listing.jpg,Moisturizers,No range,Mens,"Water\Aqua\Eau, Ethylhexyl Salicylate, Glycerin, Neopentyl Glycol Diheptanoate, Polyester-8, Butyl Methoxydibenzoylmethane, Dimethicone, Sorbitan Stearate, Butyloctyl Salicylate, Polysorbate 60, Butylene Glycol, Sodium Acrylates Copolymer, Niacinamide, Sodium Hyaluronate, Acetyl Carnitine Hcl, Creatine, Brassica Oleracea Gemmifera (Brussels Sprouts) Extract, Vaccinium Angustifolium (Blueberry) Fruit Extract, Brassica Oleracea Italica (Broccoli) Extract, Daucus Carota Sativa (Carrot) Root Extract, Brassica Oleracea Acephala (Kale) Leaf Extract, Spinacia Oleracea (Spinach) Leaf Extract, Albizia Julibrissin Bark Extract, Cucumis Sativus (Cucumber) Fruit Extract, Vaccinium Macrocarpon (Cranberry) Fruit Extract, Plankton Extract, Laminaria Saccharina Extract, Caffeine, Adenosine Phosphate, Sea Whip Extract, Yeast Extract\Faex\Extrait De Levure, Sodium Rna, Phytic Acid, Lactobacillus Ferment, Algae Extract, Hordeum Vulgare (Barley) Extract\Extrait D'Orge, Silica, Resveratrol, Cetyl Alcohol, Tocopheryl Acetate, Sigesbeckia Orientalis (St. Paul'S Wort) Extract, Pentylene Glycol, Trehalose, Styrene/Acrylates Copolymer, Lecithin, Helianthus Annuus (Sunflower) Seedcake, Micrococcus Lysate, Arabidopsis Thaliana Extract, Biosaccharide Gum-4, Ergothioneine, Oryza Sativa (Rice) Bran Extract, Capryloyl Glycine, Salicylic Acid, Isohexadecane, Peg-8 Laurate, Polysorbate 80, Ethylhexylglycerin, Propylene Glycol Dicaprate, 7-Dehydrocholesterol, Peg-100 Stearate, Acrylamide/Sodium Acryloyldimethyltaurate Copolymer, Tetrahexyldecyl Ascorbate, Propylene Glycol Caprylate, Polyethylene, Disodium Edta, Bht, Phenoxyethanol, Chlorphenesin, Mica, Titanium Dioxide (Ci 77891).
            "
clarins,men super moisture gel 50ml,33.0,4.66/5,https://www.sephora.co.uk/p/ClarinsMen-Super-Moisture-Gel-50ml,//asset.sephora.co.uk/img/products/100802/ClarinsMen_Super_Moisture_Gel_50ml_1545296576_listing.jpg,Moisturizers,No range,Mens,"Aqua/Water/Eau, Cyclomethicone, Glycerin, Butylene Glycol, Caprylic/Capric Triglyceride, Ammonium Acryloyldimethyltaurate/Vp Copolymer, Phenyl Trimethicone, Tapioca Starch, Trehalose, Cyclopentasiloxane, Phenoxyethanol, Parfum/Fragrance, Tocopheryl Acetate, Ethylhexylglycerin, Hierochloe Odorata Extract, Hydrolyzed Calcium Hyaluronate, Peg/Ppg-18/18 Dimethicone, Glyceryl Acrylate/Acrylic Acid Copolymer, Tetrasodium Edta, Helianthus Annuus (Sunflower) Extract, Pentylene Glycol, Steareth-20, Thermus Thermophillus Ferment, Portulaca Oleracea Extract, Lapsana Communis Flower/Leaf/Stem Extract, Eryngium Alpinum Flower Extract, Potassium Sorbate, Camellia Sinensis Leaf Extract, Rhodiola Rosea Root Extract, Sodium Lauryl Sulfate, Alpinia Officinarum Root Extract, Limonene, Linalool, Hexyl Cinnamal, Butylphenyl Methylpropional, Alpha-Isomethyl Ionone, Benzyl Benzoate, Citral, Ci 42090/Blue 1, Ci 60730/Ext, Violet 2, 
"
rituals,homme - beard oil 30 ml,21.9,5/5,https://www.sephora.co.uk/p/Homme-Beard-Oil-30-ml,//asset.sephora.co.uk/img/products/166133/rituals_homme_beard_oil_30_ml-1730448969_listing.jpg,Moisturizers,No range,Mens,"PRUNUS ARMENIACA (APRICOT) KERNEL OIL, SIMMONDSIA CHINENSIS (JOJOBA) SEED OIL, SESAMUM INDICUM (SESAME) SEED OIL, PARFUM/FRAGRANCE, ARGANIA SPINOSA KERNEL OIL, HELIANTHUS ANNUUS (SUNFLOWER) SEED OIL, HELIANTHUS ANNUUS (SUNFLOWER) HYBRID OIL, OCIMUM BASILICUM (BASIL) LEAF EXTRACT, TOCOPHEROL, LIMONENE, LINALOOL, CITRONELLOL, CITRAL, GERANIOL.

"
clarins,men super moisture fluid spf20 50ml,33.0,4.45/5,https://www.sephora.co.uk/p/ClarinsMen-Super-Moisture-Fluid-SPF20-50ml,//asset.sephora.co.uk/img/products/100798/ClarinsMen_Super_Moisture_Fluid_SPF20_50ml_1545296438_listing.jpg,Moisturizers,No range,Mens,N/A
rituals,homme - 24h hydrating face cream 50 ml,35.9,,https://www.sephora.co.uk/p/Homme-24h-Hydrating-Face-Cream-50-ml,//asset.sephora.co.uk/img/products/166117/rituals_homme_24h_hydrating_face_cream_50_ml-1730448967_listing.jpg,Moisturizers,No range,Mens,"AQUA/WATER, GLYCERIN, COCO-CAPRYLATE, DIHEPTYL SUCCINATE, ALCOHOL DENAT., BUTYROSPERMUM PARKII (SHEA) BUTTER, CETEARYL OLIVATE, SORBITAN OLIVATE, XYLITYLGLUCOSIDE, ANHYDROXYLITOL, SODIUM HYALURONATE, ASCORBYL TETRAISOPALMITATE, SORBITOL, HYDROXYPROPYL CYCLODEXTRIN, HYDROXYETHYLCELLULOSE, SORBITAN LAURATE, ACETYL DIPEPTIDE-1 CETYL ESTER, PALMITOYL TRIPEPTIDE-38, XYLITOL, TOCOPHEROL, AMMONIUM, ACRYLOYLDIMETHYLTAURATE/VP COPOLYMER, CAPRYLOYL GLYCERIN/SEBACIC ACID COPOLYMER, BUTYLENE GLYCOL, CARBOMER, SODIUM HYDROXIDE, PARFUM/FRAGRANCE, LINALOOL, COUMARIN, LIMONENE, CITRONELLOL, GERANIOL, CAPRYLYL GLYCOL, DECYLENE GLYCOL, PHENOXYETHANOL, CI 19140/YELLOW 5, CI 42090/BLUE 1.

"
clarins,men line-control cream for dry skin 50ml,42.5,4.94/5,https://www.sephora.co.uk/p/Clarins-Men-Line-Control-Cream-for-Dry-Skin-50ml,//asset.sephora.co.uk/img/products/69530/Clarins_Men_Line_Control_Cream_for_Dry_Skin_50ml_1473768270_listing.jpg,Moisturizers,No range,Mens,"Aqua/Water/Eau, Isononyl Isononanoate, Cyclomethicone, Cetearyl Alcohol, Glycerin, Butyrospermum Parkii (Shea) Butter, Caprylic/Capric Triglyceride, Glyceryl Stearate, Peg-100 Stearate, Aluminum Starch Octenylsuccinate, Caffeine, Cetearyl Glucoside, Butylene Glycol, Parfum/Fragrance, Avena Sativa (Oat) Kernel Extract, Caprylyl, Glycol, Carbomer, Ethylhexylglycerin, Tocopheryl Acetate, Hierochloe Odorata Extract, Disodium Edta, Sodium Dehydroacetate, Phenoxyethanol, Sodium Hydroxide, Spilanthes Acmella Flower Extract, Xanthan Gum, Pentylene Glycol, Biosaccharide Gum-4, Portulaca Oleracea Extract, Thermus Thermophillus Ferment, Lapsana Communis Flower/Leaf/Stem Extract, Potassium Sorbate, Alpinia Officinarum Root Extract, Camellia Sinensis Leaf Extract, Rhodiola Rosea Root Extract, Sodium Lauryl Sulfate, Limonene, Linalool, Hexyl Cinnamal, Butylphenyl Methylpropional, Alpha-Isomethyl Ionone, Benzyl Benzoate, Citral, 
"
vichy,homme hydra mag c plus anti-fatigue 2 in 1 moisturiser 50ml,20.0,4.48/5,https://www.sephora.co.uk/p/Vichy-Homme-Hydra-Mag-C-Plus-Anti-Fatigue-2-in-1-Moisturiser-50ml,//asset.sephora.co.uk/img/products/48302/Vichy_Homme_Hydra_Mag_C_Plus_Anti_Fatigue_2_in_1_Moisturiser_50ml_1457018675_listing.jpg,Moisturizers,No range,Mens,"Aqua, Glycerin, Alcohol Denat., Propanediol, Dimethicone, Phenyl Trimethicone, Propylene Glycol, C13-14 Isoparaffin, Ci 15985, Ci 77891, Ci 77492, Ci 77491, Ci 77499, Triethanolamine, Triethyl Citrate, Silica , Sodium Dextran Sulfate, Escin, Phenoxyethanol, Magnesium Sulfate, Magnesium Ascorbyl Phosphate, Boron Nitride, Ascorbyl Glucoside, Caprylyl Glycol, Laureth-7, Acrylates/C10-30 Alkyl Acrylate Crosspolymer, Polyacrylamide, Acrylates/Ammonium Methacrylate Copolymer, Parfum, Code F.I.L. : B45492/7,
            "
rituals,homme - after shave refreshing gel 100 ml,26.9,,https://www.sephora.co.uk/p/Homme-After-Shave-Refreshing-Gel-100-ml,//asset.sephora.co.uk/img/products/166132/rituals_homme_after_shave_refreshing_gel_100_ml-1730448969_listing.jpg,Moisturizers,No range,Mens,"AQUA/WATER, ALCOHOL DENAT., POLYGLYCERYL-4 CAPRATE, POLYGLYCERYL-6 CAPRYLATE, GLYCERIN, ALOE BARBADENSIS LEAF JUICE, PANTHENOL, OCIMUM BASILICUM (BASIL) LEAF EXTRACT, PANAX GINSENG ROOT EXTRACT, ALLANTOIN, BISABOLOL, ACRYLATES/C10-30 ALKYL ACRYLATE CROSSPOLYMER, AMINOMETHYL PROPANOL, MENTHYL LACTATE, CITRIC ACID, PARFUM/FRAGRANCE, LINALOOL, COUMARIN, LIMONENE, CITRONELLOL, GERANIOL, POTASSIUM SORBATE, SODIUM BENZOATE.

"
neal's yard remedies,for men age defying moisturiser 50ml,40.0,5/5,https://www.sephora.co.uk/p/Neals-Yard-Remedies-For-Men-Age-Defying-Moisturiser-50ml,//asset.sephora.co.uk/img/products/94077/Neal__039_s_Yard_Remedies_For_Men_Age_Defying_Moisturiser_50ml_1530627895_listing.jpg,Moisturizers,No range,Mens,"Aqua/Water, Glycerin, Macadamia Ternifolia Seed Oil*, Tapioca Starch*, Polyglyceryl-3 Rice Branate, Cetearyl Alcohol, Butyrospermum Parkii (Shea) Butter*, Caffeine, Rosa Canina Fruit Oil*, Theobroma Cacao (Cocoa) Seed Butter*, Ribose, Levulinic Acid, Curcuma Longa (Turmeric) Root Extract, Sodium Hyaluronate, Potassium Sorbate, Tocopherol, Acacia Senegal Gum, Sea Salt Extract, Sodium Gluconate, Xanthan Gum, Citric Acid, Helianthus Annuus (Sunflower) Seed Oil, Palmitoyl Tripeptide-5, Dextran, Trifluoroacetyl Tripeptide-2, Superoxide Dismutase, Adansonia Digitata Seed Oil*, Argania Spinosa Kernel Oil*, Ricinus Communis (Castor) Seed Oil*, Vitis Vinifera (Grape) Seed Oil*, Aloe Barbadensis Leaf Juice Powder*, Sodium Levulinate, Citrus Aurantium Bergamia (Bergamot) Peel Oil*, Citrus Paradisi (Grapefruit) Peel Oil*, Oryza Sativa (Rice) Extract*, Copaifera Officinalis (Balsam Copaiba) Resin*, Coriandrum Sativum (Coriander) Fruit Oil*, Ocimum Basilicum (Basil) Oil*, Opuntia Ficus-Indica Leaf Cell Extract, Salvia Sclarea (Clary) Oil* , Boswellia Neglecta Resin Oil*, Commiphora Confusa Resin Oil*, Olea Europaea (Olive) Leaf Extract*, Pascopyron Smithii Extract*, Spirulina Platensis Extract*, Ferula Galbaniflua (Galbanum) Resin Oil , Laurus Nobilis Leaf Oil*, Leuconostoc Ferment Filtrate, Lavandula Angustifolia (Lavender) Oil*, Abies Balsamea (Balsam Canada) Needle Oil*, Tagetes Minuta Flower Oil*, Eucalyptus Radiata Leaf/Stem Oil*, Caprooyl Tetrapeptide-3, Achillea Millefolium Oil*, Soybean Peroxidase, Limonene, Linalool, Eugenol, Citral, Geraniol.

*Organically produced ingredients. Natural constituent of essential oils listed.

Made with 83% organic ingredients.
            "
clinique,for men spf 21 moisturizer 100ml,32.0,4.5/5,https://www.sephora.co.uk/p/Clinique-for-Men-SPF-21-Moisturizer-100ml,//asset.sephora.co.uk/img/products/52619/Clinique_For_Men___SPF_21_Moisturizer_100ml_1410609162_listing.jpg,Moisturizers,No range,Mens,"Water (Aqua Purificata) Purified, Ethylhexyl Methoxycinnamate, Ethylhexyl Salicylate, Butylene Glycol, Dimethicone, Butyl Methoxydibenzoylmethane, Neopentyl Glycol Diheptanoate, Benzophenone-3 (Oxybenzone), Cetearyl Alcohol, Silica, Peg-100 Stearate, Lactobacillus Ferment, Hordeum Vulgare (Barley) Extract, Algae Extract, Cucumis Sativus (Cucumber) Fruit Extract, Helianthus Annuus (Sunflower) Seedcake, Cholesterol, Cetearyl Glucoside, Propylene Glycol Dicaprate, Chamomilla Recutita (Matricaria), Tridecyl Trimellitate, Hexylene Glycol, Caprylyl Glycol, Polyethylene, Stearyl Alcohol, Zeolite, Sodium Citrate, Isododecane, Simethicone, Pvp, Hydrogenated Lecithin, Oleth-10, Laureth-4, Laureth-23, Tromethamine, Carbomer, Disodium Edta, Chlorphenesin, Phenoxyethanol, Yellow 5 (Ci 19140), Yellow 6 (Ci 15985), Red 33 (Ci 17200) <ILN28028>.
            "
